Date, Reading
2020-10-30 22:14:58.399502,290
2020-10-30 22:14:58.400079,291
2020-10-30 22:14:58.401683,291
2020-10-30 22:14:58.402315,291
2020-10-30 22:14:58.402910,291
2020-10-30 22:14:58.403506,291
2020-10-30 22:14:58.404465,290
2020-10-30 22:14:58.405094,288
2020-10-30 22:14:58.405624,286
2020-10-30 22:14:58.406688,288
2020-10-30 22:14:58.407369,284
2020-10-30 22:14:58.408120,282
2020-10-30 22:14:58.409261,281
2020-10-30 22:14:58.409849,281
2020-10-30 22:14:58.410432,280
2020-10-30 22:14:58.410988,280
2020-10-30 22:14:58.412259,280
2020-10-30 22:14:58.412804,281
2020-10-30 22:14:58.413616,281
2020-10-30 22:14:58.414231,281
2020-10-30 22:14:58.414858,281
2020-10-30 22:14:58.415590,278
2020-10-30 22:14:58.416654,277
2020-10-30 22:14:58.417303,276
2020-10-30 22:14:58.418064,276
2020-10-30 22:14:58.418693,274
2020-10-30 22:14:58.419485,274
2020-10-30 22:14:58.420918,273
2020-10-30 22:14:58.422212,276
2020-10-30 22:14:58.423112,276
2020-10-30 22:14:58.426939,277
2020-10-30 22:14:58.428265,276
2020-10-30 22:14:58.429030,273
2020-10-30 22:14:58.430331,277
2020-10-30 22:14:58.431118,278
2020-10-30 22:14:58.431990,281
2020-10-30 22:14:58.433028,280
2020-10-30 22:14:58.433558,280
2020-10-30 22:14:58.434415,281
2020-10-30 22:14:58.435453,282
2020-10-30 22:14:58.436085,282
2020-10-30 22:14:58.436594,283
2020-10-30 22:14:58.437367,282
2020-10-30 22:14:58.438535,283
2020-10-30 22:14:58.439341,282
2020-10-30 22:14:58.440338,282
2020-10-30 22:14:58.441344,282
2020-10-30 22:14:58.442209,282
2020-10-30 22:14:58.443549,282
2020-10-30 22:14:58.444535,282
2020-10-30 22:14:58.445177,282
2020-10-30 22:14:58.446083,282
2020-10-30 22:14:58.446887,284
2020-10-30 22:14:58.447941,284
2020-10-30 22:14:58.448992,283
2020-10-30 22:14:58.449981,282
2020-10-30 22:14:58.450733,280
2020-10-30 22:14:58.451242,279
2020-10-30 22:14:58.451713,277
2020-10-30 22:14:58.452211,274
2020-10-30 22:14:58.452659,273
2020-10-30 22:14:58.454038,272
2020-10-30 22:14:58.455047,271
2020-10-30 22:14:58.463968,272
2020-10-30 22:14:58.464714,267
2020-10-30 22:14:58.465431,266
2020-10-30 22:14:58.466084,266
2020-10-30 22:14:58.466720,264
2020-10-30 22:14:58.467484,261
2020-10-30 22:14:58.468154,260
2020-10-30 22:14:58.468799,261
2020-10-30 22:14:58.469563,260
2020-10-30 22:14:58.470273,260
2020-10-30 22:14:58.471102,260
2020-10-30 22:14:58.471701,259
2020-10-30 22:14:58.472228,261
2020-10-30 22:14:58.473224,261
2020-10-30 22:14:58.474055,261
2020-10-30 22:14:58.474969,262
2020-10-30 22:14:58.475794,264
2020-10-30 22:14:58.476476,266
2020-10-30 22:14:58.477267,265
2020-10-30 22:14:58.478560,265
2020-10-30 22:14:58.479949,271
2020-10-30 22:14:58.480628,273
2020-10-30 22:14:58.482785,272
2020-10-30 22:14:58.483802,270
2020-10-30 22:14:58.484437,269
2020-10-30 22:14:58.485833,273
2020-10-30 22:14:58.487812,276
2020-10-30 22:14:58.494663,277
2020-10-30 22:14:58.495336,279
2020-10-30 22:14:58.495970,281
2020-10-30 22:14:58.496559,284
2020-10-30 22:14:58.497156,288
2020-10-30 22:14:58.497835,290
2020-10-30 22:14:58.498436,291
2020-10-30 22:14:58.500654,293
2020-10-30 22:14:58.501932,294
2020-10-30 22:14:58.502592,295
2020-10-30 22:14:58.503896,296
2020-10-30 22:14:58.506477,296
2020-10-30 22:14:58.507114,296
2020-10-30 22:14:58.509549,296
2020-10-30 22:14:58.511652,297
2020-10-30 22:14:58.512696,297
2020-10-30 22:14:58.513987,296
2020-10-30 22:14:58.515249,296
2020-10-30 22:14:58.516270,293
2020-10-30 22:14:58.519228,291
2020-10-30 22:14:58.520136,293
2020-10-30 22:14:58.521065,293
2020-10-30 22:14:58.521638,291
2020-10-30 22:14:58.523942,290
2020-10-30 22:14:58.524509,290
2020-10-30 22:14:58.525501,294
2020-10-30 22:14:58.526755,301
2020-10-30 22:14:58.528684,302
2020-10-30 22:14:58.530156,302
2020-10-30 22:14:58.532380,302
2020-10-30 22:14:58.534294,304
2020-10-30 22:14:58.535097,305
2020-10-30 22:14:58.536175,302
2020-10-30 22:14:58.537412,302
2020-10-30 22:14:58.539092,302
2020-10-30 22:14:58.542233,302
2020-10-30 22:14:58.543399,302
2020-10-30 22:14:58.547077,303
2020-10-30 22:14:58.548053,303
2020-10-30 22:14:58.549425,302
2020-10-30 22:14:58.550593,302
2020-10-30 22:14:58.552161,301
2020-10-30 22:14:58.553316,301
2020-10-30 22:14:58.554257,301
2020-10-30 22:14:58.555931,301
2020-10-30 22:14:58.557290,297
2020-10-30 22:14:58.558503,295
2020-10-30 22:14:58.560101,293
2020-10-30 22:14:58.561806,292
2020-10-30 22:14:58.563335,293
2020-10-30 22:14:58.564857,293
2020-10-30 22:14:58.566869,291
2020-10-30 22:14:58.568231,291
2020-10-30 22:14:58.569593,290
2020-10-30 22:14:58.570390,290
2020-10-30 22:14:58.574404,288
2020-10-30 22:14:58.575716,288
2020-10-30 22:14:58.579057,289
2020-10-30 22:14:58.580580,290
2020-10-30 22:14:58.581816,291
2020-10-30 22:14:58.583064,290
2020-10-30 22:14:58.583995,290
2020-10-30 22:14:58.585229,292
2020-10-30 22:14:58.586945,294
2020-10-30 22:14:58.588742,293
2020-10-30 22:14:58.589883,294
2020-10-30 22:14:58.591754,295
2020-10-30 22:14:58.593710,296
2020-10-30 22:14:58.594483,296
2020-10-30 22:14:58.595650,296
2020-10-30 22:14:58.596560,296
2020-10-30 22:14:58.597903,295
2020-10-30 22:14:58.598859,295
2020-10-30 22:14:58.600578,295
2020-10-30 22:14:58.602387,294
2020-10-30 22:14:58.603827,294
2020-10-30 22:14:58.604607,293
2020-10-30 22:14:58.605484,294
2020-10-30 22:14:58.606260,293
2020-10-30 22:14:58.607304,293
2020-10-30 22:14:58.608164,292
2020-10-30 22:14:58.609434,294
2020-10-30 22:14:58.610957,293
2020-10-30 22:14:58.612620,293
2020-10-30 22:14:58.613690,293
2020-10-30 22:14:58.614806,292
2020-10-30 22:14:58.616206,291
2020-10-30 22:14:58.617632,291
2020-10-30 22:14:58.620505,290
2020-10-30 22:14:58.622138,290
2020-10-30 22:14:58.623024,289
2020-10-30 22:14:58.624121,288
2020-10-30 22:14:58.624888,286
2020-10-30 22:14:58.626572,283
2020-10-30 22:14:58.627760,283
2020-10-30 22:14:58.631057,281
2020-10-30 22:14:58.632814,281
2020-10-30 22:14:58.633800,279
2020-10-30 22:14:58.635036,280
2020-10-30 22:14:58.636094,280
2020-10-30 22:14:58.637699,278
2020-10-30 22:14:58.639420,282
2020-10-30 22:14:58.641063,289
2020-10-30 22:14:58.642629,293
2020-10-30 22:14:58.644018,295
2020-10-30 22:14:58.645041,298
2020-10-30 22:14:58.646529,300
2020-10-30 22:14:58.648393,298
2020-10-30 22:14:58.650432,301
2020-10-30 22:14:58.651876,301
2020-10-30 22:14:58.653269,301
2020-10-30 22:14:58.654540,300
2020-10-30 22:14:58.656612,297
2020-10-30 22:14:58.657803,296
2020-10-30 22:14:58.660360,294
2020-10-30 22:14:58.661586,292
2020-10-30 22:14:58.662979,291
2020-10-30 22:14:58.663821,291
2020-10-30 22:14:58.665014,289
2020-10-30 22:14:58.667078,290
2020-10-30 22:14:58.668892,289
2020-10-30 22:14:58.669941,289
2020-10-30 22:14:58.671148,289
2020-10-30 22:14:58.672435,288
2020-10-30 22:14:58.673800,288
2020-10-30 22:14:58.676735,289
2020-10-30 22:14:58.677896,288
2020-10-30 22:14:58.678911,289
2020-10-30 22:14:58.679750,289
2020-10-30 22:14:58.680958,289
2020-10-30 22:14:58.681786,290
2020-10-30 22:14:58.682610,289
2020-10-30 22:14:58.683961,288
2020-10-30 22:14:58.686223,289
2020-10-30 22:14:58.687223,290
2020-10-30 22:14:58.688477,292
2020-10-30 22:14:58.689511,291
2020-10-30 22:14:58.690954,289
2020-10-30 22:14:58.693559,291
2020-10-30 22:14:58.694750,295
2020-10-30 22:14:58.695977,302
2020-10-30 22:14:58.697699,304
2020-10-30 22:14:58.699672,306
2020-10-30 22:14:58.700580,307
2020-10-30 22:14:58.701520,307
2020-10-30 22:14:58.705552,308
2020-10-30 22:14:58.707032,309
2020-10-30 22:14:58.707689,310
2020-10-30 22:14:58.708713,310
2020-10-30 22:14:58.709526,310
2020-10-30 22:14:58.711245,312
2020-10-30 22:14:58.712036,313
2020-10-30 22:14:58.713010,314
2020-10-30 22:14:58.713934,315
2020-10-30 22:14:58.716144,316
2020-10-30 22:14:58.718633,318
2020-10-30 22:14:58.719759,318
2020-10-30 22:14:58.720745,316
2020-10-30 22:14:58.721609,318
2020-10-30 22:14:58.723263,318
2020-10-30 22:14:58.724926,317
2020-10-30 22:14:58.727462,316
2020-10-30 22:14:58.728589,318
2020-10-30 22:14:58.729632,326
2020-10-30 22:14:58.730807,329
2020-10-30 22:14:58.733623,331
2020-10-30 22:14:58.734808,334
2020-10-30 22:14:58.735613,337
2020-10-30 22:14:58.737022,339
2020-10-30 22:14:58.738430,341
2020-10-30 22:14:58.739667,343
2020-10-30 22:14:58.742666,343
2020-10-30 22:14:58.743887,344
2020-10-30 22:14:58.745507,346
2020-10-30 22:14:58.746296,346
2020-10-30 22:14:58.748303,346
2020-10-30 22:14:58.749024,346
2020-10-30 22:14:58.749923,348
2020-10-30 22:14:58.752583,348
2020-10-30 22:14:58.753440,348
2020-10-30 22:14:58.754614,348
2020-10-30 22:14:58.757218,348
2020-10-30 22:14:58.758103,348
2020-10-30 22:14:58.764473,349
2020-10-30 22:14:58.765122,349
2020-10-30 22:14:58.765725,345
2020-10-30 22:14:58.766414,344
2020-10-30 22:14:58.767044,341
2020-10-30 22:14:58.767751,341
2020-10-30 22:14:58.771099,338
2020-10-30 22:14:58.771888,337
2020-10-30 22:14:58.772597,336
2020-10-30 22:14:58.773261,334
2020-10-30 22:14:58.774081,334
2020-10-30 22:14:58.779632,337
2020-10-30 22:14:58.780447,340
2020-10-30 22:14:58.781146,348
2020-10-30 22:14:58.781734,349
2020-10-30 22:14:58.782419,350
2020-10-30 22:14:58.783009,351
2020-10-30 22:14:58.783861,351
2020-10-30 22:14:58.785154,350
2020-10-30 22:14:58.786904,350
2020-10-30 22:14:58.789835,350
2020-10-30 22:14:58.790728,350
2020-10-30 22:14:58.792573,351
2020-10-30 22:14:58.793277,354
2020-10-30 22:14:58.794369,355
2020-10-30 22:14:58.796912,363
2020-10-30 22:14:58.797731,364
2020-10-30 22:14:58.798719,365
2020-10-30 22:14:58.801761,363
2020-10-30 22:14:58.802754,361
2020-10-30 22:14:58.804616,357
2020-10-30 22:14:58.805760,356
2020-10-30 22:14:58.807399,354
2020-10-30 22:14:58.808898,358
2020-10-30 22:14:58.810675,361
2020-10-30 22:14:58.812219,363
2020-10-30 22:14:58.813206,362
2020-10-30 22:14:58.814150,360
2020-10-30 22:14:58.815281,361
2020-10-30 22:14:58.817782,369
2020-10-30 22:14:58.818467,375
2020-10-30 22:14:58.820543,379
2020-10-30 22:14:58.821388,379
2020-10-30 22:14:58.822271,381
2020-10-30 22:14:58.824066,379
2020-10-30 22:14:58.826579,378
2020-10-30 22:14:58.827473,376
2020-10-30 22:14:58.828358,374
2020-10-30 22:14:58.829752,373
2020-10-30 22:14:58.832398,375
2020-10-30 22:14:58.833338,376
2020-10-30 22:14:58.834094,375
2020-10-30 22:14:58.835009,375
2020-10-30 22:14:58.837412,376
2020-10-30 22:14:58.838826,374
2020-10-30 22:14:58.841687,369
2020-10-30 22:14:58.842744,368
2020-10-30 22:14:58.844216,365
2020-10-30 22:14:58.845039,363
2020-10-30 22:14:58.845974,358
2020-10-30 22:14:58.848581,356
2020-10-30 22:14:58.849463,356
2020-10-30 22:14:58.850517,357
2020-10-30 22:14:58.853465,355
2020-10-30 22:14:58.854242,355
2020-10-30 22:14:58.855965,357
2020-10-30 22:14:58.856972,358
2020-10-30 22:14:58.857859,356
2020-10-30 22:14:58.859494,360
2020-10-30 22:14:58.860680,361
2020-10-30 22:14:58.863405,360
2020-10-30 22:14:58.864783,363
2020-10-30 22:14:58.866148,373
2020-10-30 22:14:58.868316,376
2020-10-30 22:14:58.869623,376
2020-10-30 22:14:58.870785,375
2020-10-30 22:14:58.871625,376
2020-10-30 22:14:58.873685,375
2020-10-30 22:14:58.874556,375
2020-10-30 22:14:58.875792,373
2020-10-30 22:14:58.876832,374
2020-10-30 22:14:58.881512,373
2020-10-30 22:14:58.884315,373
2020-10-30 22:14:58.885148,373
2020-10-30 22:14:58.886560,373
2020-10-30 22:14:58.887494,374
2020-10-30 22:14:58.888916,373
2020-10-30 22:14:58.890384,373
2020-10-30 22:14:58.891823,369
2020-10-30 22:14:58.892910,368
2020-10-30 22:14:58.893710,368
2020-10-30 22:14:58.894639,366
2020-10-30 22:14:58.896450,364
2020-10-30 22:14:58.897394,361
2020-10-30 22:14:58.898559,361
2020-10-30 22:14:58.899437,360
2020-10-30 22:14:58.900247,358
2020-10-30 22:14:58.901733,356
2020-10-30 22:14:58.903338,356
2020-10-30 22:14:58.904958,356
2020-10-30 22:14:58.906839,355
2020-10-30 22:14:58.908072,355
2020-10-30 22:14:58.910488,355
2020-10-30 22:14:58.911998,353
2020-10-30 22:14:58.912799,351
2020-10-30 22:14:58.913500,349
2020-10-30 22:14:58.914646,349
2020-10-30 22:14:58.916624,346
2020-10-30 22:14:58.919831,343
2020-10-30 22:14:58.920981,342
2020-10-30 22:14:58.922432,348
2020-10-30 22:14:58.923519,349
2020-10-30 22:14:58.924305,348
2020-10-30 22:14:58.925663,350
2020-10-30 22:14:58.927307,351
2020-10-30 22:14:58.930047,349
2020-10-30 22:14:58.930782,348
2020-10-30 22:14:58.932660,345
2020-10-30 22:14:58.933638,344
2020-10-30 22:14:58.934409,340
2020-10-30 22:14:58.936955,340
2020-10-30 22:14:58.937666,341
2020-10-30 22:14:58.938737,346
2020-10-30 22:14:58.941422,352
2020-10-30 22:14:58.942356,355
2020-10-30 22:14:58.943341,366
2020-10-30 22:14:58.944973,369
2020-10-30 22:14:58.947370,374
2020-10-30 22:14:58.948214,375
2020-10-30 22:14:58.949332,376
2020-10-30 22:14:58.951795,376
2020-10-30 22:14:58.953138,375
2020-10-30 22:14:58.953904,369
2020-10-30 22:14:58.954896,368
2020-10-30 22:14:58.956723,368
2020-10-30 22:14:58.959068,368
2020-10-30 22:14:58.959908,367
2020-10-30 22:14:58.960897,363
2020-10-30 22:14:58.963746,361
2020-10-30 22:14:58.964608,361
2020-10-30 22:14:58.966683,356
2020-10-30 22:14:58.967411,354
2020-10-30 22:14:58.969402,349
2020-10-30 22:14:58.971211,348
2020-10-30 22:14:58.972082,346
2020-10-30 22:14:58.974184,344
2020-10-30 22:14:58.974833,344
2020-10-30 22:14:58.976807,344
2020-10-30 22:14:58.977515,343
2020-10-30 22:14:58.978672,339
2020-10-30 22:14:58.980137,336
2020-10-30 22:14:58.985749,332
2020-10-30 22:14:58.986360,331
2020-10-30 22:14:58.987068,334
2020-10-30 22:14:58.987921,336
2020-10-30 22:14:58.988794,337
2020-10-30 22:14:58.989584,336
2020-10-30 22:14:58.991729,331
2020-10-30 22:14:58.992676,331
2020-10-30 22:14:58.994709,329
2020-10-30 22:14:58.995267,329
2020-10-30 22:14:58.997643,328
2020-10-30 22:14:58.998468,330
2020-10-30 22:14:59.000494,331
2020-10-30 22:14:59.001288,330
2020-10-30 22:14:59.003407,329
2020-10-30 22:14:59.003983,328
2020-10-30 22:14:59.005081,330
2020-10-30 22:14:59.006929,328
2020-10-30 22:14:59.007965,328
2020-10-30 22:14:59.009643,328
2020-10-30 22:14:59.012550,327
2020-10-30 22:14:59.013464,325
2020-10-30 22:14:59.014818,325
2020-10-30 22:14:59.015550,325
2020-10-30 22:14:59.016837,327
2020-10-30 22:14:59.018374,328
2020-10-30 22:14:59.021014,329
2020-10-30 22:14:59.021598,330
2020-10-30 22:14:59.022798,330
2020-10-30 22:14:59.025602,330
2020-10-30 22:14:59.026535,331
2020-10-30 22:14:59.027116,336
2020-10-30 22:14:59.028908,339
2020-10-30 22:14:59.031564,343
2020-10-30 22:14:59.032718,344
2020-10-30 22:14:59.034284,342
2020-10-30 22:14:59.034913,343
2020-10-30 22:14:59.035755,341
2020-10-30 22:14:59.039062,339
2020-10-30 22:14:59.040025,340
2020-10-30 22:14:59.044923,339
2020-10-30 22:14:59.045931,339
2020-10-30 22:14:59.048260,337
2020-10-30 22:14:59.049067,336
2020-10-30 22:14:59.050236,337
2020-10-30 22:14:59.051671,341
2020-10-30 22:14:59.052775,350
2020-10-30 22:14:59.053849,354
2020-10-30 22:14:59.054939,351
2020-10-30 22:14:59.055956,352
2020-10-30 22:14:59.056949,352
2020-10-30 22:14:59.057547,351
2020-10-30 22:14:59.059837,353
2020-10-30 22:14:59.061142,354
2020-10-30 22:14:59.062675,352
2020-10-30 22:14:59.064090,352
2020-10-30 22:14:59.065217,353
2020-10-30 22:14:59.066028,350
2020-10-30 22:14:59.067117,355
2020-10-30 22:14:59.068608,361
2020-10-30 22:14:59.071254,365
2020-10-30 22:14:59.073212,363
2020-10-30 22:14:59.073977,365
2020-10-30 22:14:59.075165,375
2020-10-30 22:14:59.076886,373
2020-10-30 22:14:59.081018,374
2020-10-30 22:14:59.081659,374
2020-10-30 22:14:59.082356,370
2020-10-30 22:14:59.083063,369
2020-10-30 22:14:59.085860,373
2020-10-30 22:14:59.087646,376
2020-10-30 22:14:59.088558,376
2020-10-30 22:14:59.089543,377
2020-10-30 22:14:59.091025,377
2020-10-30 22:14:59.092020,378
2020-10-30 22:14:59.096486,377
2020-10-30 22:14:59.097979,377
2020-10-30 22:14:59.098728,378
2020-10-30 22:14:59.099594,378
2020-10-30 22:14:59.100459,379
2020-10-30 22:14:59.102170,380
2020-10-30 22:14:59.102978,382
2020-10-30 22:14:59.104008,382
2020-10-30 22:14:59.104580,379
2020-10-30 22:14:59.105185,376
2020-10-30 22:14:59.106585,374
2020-10-30 22:14:59.109602,369
2020-10-30 22:14:59.110442,367
2020-10-30 22:14:59.111437,363
2020-10-30 22:14:59.114348,362
2020-10-30 22:14:59.117216,364
2020-10-30 22:14:59.117795,364
2020-10-30 22:14:59.118571,364
2020-10-30 22:14:59.119307,360
2020-10-30 22:14:59.121560,360
2020-10-30 22:14:59.122267,360
2020-10-30 22:14:59.123211,356
2020-10-30 22:14:59.124650,355
2020-10-30 22:14:59.125757,351
2020-10-30 22:14:59.127498,349
2020-10-30 22:14:59.129085,351
2020-10-30 22:14:59.131800,355
2020-10-30 22:14:59.133061,358
2020-10-30 22:14:59.133949,360
2020-10-30 22:14:59.135284,357
2020-10-30 22:14:59.136151,356
2020-10-30 22:14:59.137726,365
2020-10-30 22:14:59.139642,368
2020-10-30 22:14:59.140636,368
2020-10-30 22:14:59.141936,366
2020-10-30 22:14:59.145293,365
2020-10-30 22:14:59.146919,366
2020-10-30 22:14:59.147797,363
2020-10-30 22:14:59.149660,362
2020-10-30 22:14:59.150323,361
2020-10-30 22:14:59.152370,355
2020-10-30 22:14:59.153663,354
2020-10-30 22:14:59.154681,350
2020-10-30 22:14:59.155599,350
2020-10-30 22:14:59.157040,352
2020-10-30 22:14:59.159744,349
2020-10-30 22:14:59.160831,348
2020-10-30 22:14:59.161879,343
2020-10-30 22:14:59.163161,345
2020-10-30 22:14:59.164183,350
2020-10-30 22:14:59.166247,356
2020-10-30 22:14:59.168548,356
2020-10-30 22:14:59.169615,355
2020-10-30 22:14:59.170542,350
2020-10-30 22:14:59.173196,346
2020-10-30 22:14:59.174022,348
2020-10-30 22:14:59.175992,344
2020-10-30 22:14:59.177333,344
2020-10-30 22:14:59.178113,341
2020-10-30 22:14:59.179132,338
2020-10-30 22:14:59.180988,337
2020-10-30 22:14:59.182095,338
2020-10-30 22:14:59.183559,341
2020-10-30 22:14:59.188605,348
2020-10-30 22:14:59.189322,349
2020-10-30 22:14:59.190823,353
2020-10-30 22:14:59.191452,355
2020-10-30 22:14:59.192205,367
2020-10-30 22:14:59.193655,369
2020-10-30 22:14:59.194652,367
2020-10-30 22:14:59.195591,364
2020-10-30 22:14:59.198204,362
2020-10-30 22:14:59.199293,362
2020-10-30 22:14:59.201220,363
2020-10-30 22:14:59.202837,366
2020-10-30 22:14:59.203880,368
2020-10-30 22:14:59.205204,366
2020-10-30 22:14:59.205970,365
2020-10-30 22:14:59.206980,362
2020-10-30 22:14:59.208461,361
2020-10-30 22:14:59.209817,360
2020-10-30 22:14:59.211495,360
2020-10-30 22:14:59.213229,360
2020-10-30 22:14:59.217271,369
2020-10-30 22:14:59.218464,377
2020-10-30 22:14:59.219807,387
2020-10-30 22:14:59.220762,386
2020-10-30 22:14:59.221986,381
2020-10-30 22:14:59.223010,379
2020-10-30 22:14:59.224748,378
2020-10-30 22:14:59.225904,382
2020-10-30 22:14:59.226940,391
2020-10-30 22:14:59.229059,402
2020-10-30 22:14:59.230429,405
2020-10-30 22:14:59.231487,408
2020-10-30 22:14:59.233641,414
2020-10-30 22:14:59.234681,423
2020-10-30 22:14:59.236457,423
2020-10-30 22:14:59.238289,424
2020-10-30 22:14:59.239631,429
2020-10-30 22:14:59.240973,433
2020-10-30 22:14:59.242192,437
2020-10-30 22:14:59.244075,440
2020-10-30 22:14:59.245801,437
2020-10-30 22:14:59.247336,430
2020-10-30 22:14:59.248487,426
2020-10-30 22:14:59.249488,423
2020-10-30 22:14:59.252277,416
2020-10-30 22:14:59.253345,414
2020-10-30 22:14:59.254852,412
2020-10-30 22:14:59.256366,415
2020-10-30 22:14:59.257673,416
2020-10-30 22:14:59.258964,416
2020-10-30 22:14:59.260125,413
2020-10-30 22:14:59.261488,411
2020-10-30 22:14:59.262884,406
2020-10-30 22:14:59.264479,404
2020-10-30 22:14:59.266483,403
2020-10-30 22:14:59.267553,405
2020-10-30 22:14:59.268666,406
2020-10-30 22:14:59.270439,409
2020-10-30 22:14:59.271299,406
2020-10-30 22:14:59.272114,401
2020-10-30 22:14:59.274552,400
2020-10-30 22:14:59.276344,402
2020-10-30 22:14:59.277493,402
2020-10-30 22:14:59.278495,406
2020-10-30 22:14:59.280313,412
2020-10-30 22:14:59.282547,413
2020-10-30 22:14:59.284941,413
2020-10-30 22:14:59.286582,412
2020-10-30 22:14:59.287823,422
2020-10-30 22:14:59.290682,415
2020-10-30 22:14:59.291609,414
2020-10-30 22:14:59.292702,411
2020-10-30 22:14:59.293769,412
2020-10-30 22:14:59.294664,411
2020-10-30 22:14:59.295679,414
2020-10-30 22:14:59.297617,422
2020-10-30 22:14:59.298869,426
2020-10-30 22:14:59.300071,426
2020-10-30 22:14:59.301301,421
2020-10-30 22:14:59.302105,426
2020-10-30 22:14:59.303075,430
2020-10-30 22:14:59.305801,433
2020-10-30 22:14:59.306654,433
2020-10-30 22:14:59.308711,432
2020-10-30 22:14:59.310109,429
2020-10-30 22:14:59.311111,423
2020-10-30 22:14:59.312040,425
2020-10-30 22:14:59.312826,433
2020-10-30 22:14:59.314904,447
2020-10-30 22:14:59.316483,447
2020-10-30 22:14:59.319542,449
2020-10-30 22:14:59.320647,448
2020-10-30 22:14:59.327656,441
2020-10-30 22:14:59.328268,439
2020-10-30 22:14:59.328883,435
2020-10-30 22:14:59.329539,430
2020-10-30 22:14:59.330118,429
2020-10-30 22:14:59.330894,428
2020-10-30 22:14:59.332933,429
2020-10-30 22:14:59.334450,428
2020-10-30 22:14:59.335590,427
2020-10-30 22:14:59.336652,418
2020-10-30 22:14:59.337464,415
2020-10-30 22:14:59.338527,414
2020-10-30 22:14:59.339376,417
2020-10-30 22:14:59.348060,415
2020-10-30 22:14:59.350091,415
2020-10-30 22:14:59.350925,417
2020-10-30 22:14:59.352456,421
2020-10-30 22:14:59.354649,414
2020-10-30 22:14:59.355537,415
2020-10-30 22:14:59.358063,414
2020-10-30 22:14:59.358982,408
2020-10-30 22:14:59.360624,406
2020-10-30 22:14:59.364412,403
2020-10-30 22:14:59.365330,401
2020-10-30 22:14:59.366412,399
2020-10-30 22:14:59.367388,397
2020-10-30 22:14:59.368595,393
2020-10-30 22:14:59.369783,393
2020-10-30 22:14:59.371171,387
2020-10-30 22:14:59.373151,389
2020-10-30 22:14:59.374481,392
2020-10-30 22:14:59.375603,392
2020-10-30 22:14:59.376771,387
2020-10-30 22:14:59.378045,385
2020-10-30 22:14:59.379596,382
2020-10-30 22:14:59.382467,384
2020-10-30 22:14:59.383290,386
2020-10-30 22:14:59.389432,381
2020-10-30 22:14:59.390170,377
2020-10-30 22:14:59.391420,379
2020-10-30 22:14:59.391906,381
2020-10-30 22:14:59.392362,384
2020-10-30 22:14:59.392890,384
2020-10-30 22:14:59.394354,381
2020-10-30 22:14:59.395310,384
2020-10-30 22:14:59.396262,386
2020-10-30 22:14:59.397320,382
2020-10-30 22:14:59.398161,381
2020-10-30 22:14:59.398875,376
2020-10-30 22:14:59.399789,373
2020-10-30 22:14:59.400513,372
2020-10-30 22:14:59.401203,367
2020-10-30 22:14:59.402410,366
2020-10-30 22:14:59.403186,368
2020-10-30 22:14:59.404033,369
2020-10-30 22:14:59.405176,366
2020-10-30 22:14:59.406610,367
2020-10-30 22:14:59.407499,374
2020-10-30 22:14:59.408902,377
2020-10-30 22:14:59.409749,386
2020-10-30 22:14:59.410686,382
2020-10-30 22:14:59.413967,379
2020-10-30 22:14:59.415401,382
2020-10-30 22:14:59.416963,379
2020-10-30 22:14:59.419174,378
2020-10-30 22:14:59.420523,375
2020-10-30 22:14:59.421235,374
2020-10-30 22:14:59.424363,372
2020-10-30 22:14:59.425519,374
2020-10-30 22:14:59.426028,375
2020-10-30 22:14:59.426476,380
2020-10-30 22:14:59.426921,378
2020-10-30 22:14:59.428217,375
2020-10-30 22:14:59.428867,375
2020-10-30 22:14:59.430994,370
2020-10-30 22:14:59.431736,373
2020-10-30 22:14:59.433051,376
2020-10-30 22:14:59.439658,376
2020-10-30 22:14:59.440267,375
2020-10-30 22:14:59.440962,368
2020-10-30 22:14:59.441637,367
2020-10-30 22:14:59.442369,368
2020-10-30 22:14:59.443097,368
2020-10-30 22:14:59.444482,368
2020-10-30 22:14:59.445108,367
2020-10-30 22:14:59.447425,373
2020-10-30 22:14:59.448261,375
2020-10-30 22:14:59.449011,373
2020-10-30 22:14:59.450582,369
2020-10-30 22:14:59.453045,374
2020-10-30 22:14:59.453822,378
2020-10-30 22:14:59.455007,387
2020-10-30 22:14:59.457641,389
2020-10-30 22:14:59.458474,388
2020-10-30 22:14:59.459595,388
2020-10-30 22:14:59.460605,392
2020-10-30 22:14:59.461743,394
2020-10-30 22:14:59.463914,392
2020-10-30 22:14:59.464749,391
2020-10-30 22:14:59.467155,391
2020-10-30 22:14:59.469599,393
2020-10-30 22:14:59.470372,396
2020-10-30 22:14:59.471053,397
2020-10-30 22:14:59.472663,412
2020-10-30 22:14:59.475243,428
2020-10-30 22:14:59.476020,433
2020-10-30 22:14:59.477014,433
2020-10-30 22:14:59.479819,441
2020-10-30 22:14:59.480566,448
2020-10-30 22:14:59.482657,462
2020-10-30 22:14:59.483528,463
2020-10-30 22:14:59.484382,460
2020-10-30 22:14:59.487170,463
2020-10-30 22:14:59.488469,468
2020-10-30 22:14:59.489714,470
2020-10-30 22:14:59.490379,468
2020-10-30 22:14:59.491996,471
2020-10-30 22:14:59.497289,470
2020-10-30 22:14:59.497785,469
2020-10-30 22:14:59.498409,469
2020-10-30 22:14:59.499063,476
2020-10-30 22:14:59.499764,487
2020-10-30 22:14:59.502062,489
2020-10-30 22:14:59.502669,496
2020-10-30 22:14:59.503535,494
2020-10-30 22:14:59.505124,486
2020-10-30 22:14:59.506136,488
2020-10-30 22:14:59.509424,495
2020-10-30 22:14:59.510114,495
2020-10-30 22:14:59.512185,487
2020-10-30 22:14:59.513428,486
2020-10-30 22:14:59.515233,484
2020-10-30 22:14:59.516458,498
2020-10-30 22:14:59.519752,511
2020-10-30 22:14:59.521164,519
2020-10-30 22:14:59.522644,524
2020-10-30 22:14:59.523374,526
2020-10-30 22:14:59.524682,522
2020-10-30 22:14:59.527149,517
2020-10-30 22:14:59.528090,516
2020-10-30 22:14:59.529418,512
2020-10-30 22:14:59.530228,505
2020-10-30 22:14:59.531099,501
2020-10-30 22:14:59.533187,500
2020-10-30 22:14:59.533895,500
2020-10-30 22:14:59.535735,497
2020-10-30 22:14:59.536390,495
2020-10-30 22:14:59.537036,490
2020-10-30 22:14:59.539123,486
2020-10-30 22:14:59.542068,483
2020-10-30 22:14:59.542907,480
2020-10-30 22:14:59.545260,474
2020-10-30 22:14:59.546366,474
2020-10-30 22:14:59.548242,471
2020-10-30 22:14:59.549066,469
2020-10-30 22:14:59.550868,468
2020-10-30 22:14:59.551798,472
2020-10-30 22:14:59.553634,480
2020-10-30 22:14:59.554389,478
2020-10-30 22:14:59.556703,483
2020-10-30 22:14:59.557607,487
2020-10-30 22:14:59.558682,484
2020-10-30 22:14:59.559607,486
2020-10-30 22:14:59.561044,485
2020-10-30 22:14:59.562967,481
2020-10-30 22:14:59.565257,483
2020-10-30 22:14:59.566004,483
2020-10-30 22:14:59.566845,494
2020-10-30 22:14:59.568687,492
2020-10-30 22:14:59.571185,486
2020-10-30 22:14:59.571805,485
2020-10-30 22:14:59.572665,487
2020-10-30 22:14:59.574128,502
2020-10-30 22:14:59.575722,513
2020-10-30 22:14:59.577221,517
2020-10-30 22:14:59.578981,524
2020-10-30 22:14:59.586004,523
2020-10-30 22:14:59.586907,525
2020-10-30 22:14:59.587804,522
2020-10-30 22:14:59.588909,529
2020-10-30 22:14:59.589842,540
2020-10-30 22:14:59.590563,545
2020-10-30 22:14:59.591303,554
2020-10-30 22:14:59.592064,555
2020-10-30 22:14:59.592789,552
2020-10-30 22:14:59.593997,547
2020-10-30 22:14:59.597917,546
2020-10-30 22:14:59.601048,542
2020-10-30 22:14:59.602173,538
2020-10-30 22:14:59.603264,531
2020-10-30 22:14:59.604149,528
2020-10-30 22:14:59.604933,526
2020-10-30 22:14:59.605529,528
2020-10-30 22:14:59.606355,521
2020-10-30 22:14:59.607019,520
2020-10-30 22:14:59.608087,516
2020-10-30 22:14:59.609782,512
2020-10-30 22:14:59.611233,514
2020-10-30 22:14:59.614341,532
2020-10-30 22:14:59.615236,537
2020-10-30 22:14:59.619737,547
2020-10-30 22:14:59.620581,546
2020-10-30 22:14:59.621366,542
2020-10-30 22:14:59.622144,542
2020-10-30 22:14:59.622692,547
2020-10-30 22:14:59.624164,554
2020-10-30 22:14:59.625399,554
2020-10-30 22:14:59.627683,549
2020-10-30 22:14:59.630374,543
2020-10-30 22:14:59.631461,542
2020-10-30 22:14:59.633182,541
2020-10-30 22:14:59.634477,532
2020-10-30 22:14:59.635682,532
2020-10-30 22:14:59.637365,535
2020-10-30 22:14:59.638199,541
2020-10-30 22:14:59.639214,542
2020-10-30 22:14:59.640371,541
2020-10-30 22:14:59.641165,547
2020-10-30 22:14:59.642374,544
2020-10-30 22:14:59.643619,540
2020-10-30 22:14:59.645175,534
2020-10-30 22:14:59.647924,531
2020-10-30 22:14:59.648741,528
2020-10-30 22:14:59.649773,521
2020-10-30 22:14:59.650780,514
2020-10-30 22:14:59.655424,517
2020-10-30 22:14:59.656007,516
2020-10-30 22:14:59.656685,512
2020-10-30 22:14:59.657258,507
2020-10-30 22:14:59.659734,509
2020-10-30 22:14:59.660618,512
2020-10-30 22:14:59.661377,514
2020-10-30 22:14:59.662660,532
2020-10-30 22:14:59.663970,544
2020-10-30 22:14:59.665911,545
2020-10-30 22:14:59.668589,544
2020-10-30 22:14:59.669620,542
2020-10-30 22:14:59.670531,535
2020-10-30 22:14:59.673270,532
2020-10-30 22:14:59.674141,532
2020-10-30 22:14:59.676140,533
2020-10-30 22:14:59.681936,532
2020-10-30 22:14:59.682594,523
2020-10-30 22:14:59.683251,521
2020-10-30 22:14:59.683900,519
2020-10-30 22:14:59.684870,516
2020-10-30 22:14:59.685436,517
2020-10-30 22:14:59.686117,530
2020-10-30 22:14:59.687173,535
2020-10-30 22:14:59.688530,536
2020-10-30 22:14:59.690627,536
2020-10-30 22:14:59.691267,535
2020-10-30 22:14:59.691940,526
2020-10-30 22:14:59.694213,538
2020-10-30 22:14:59.696547,573
2020-10-30 22:14:59.697441,588
2020-10-30 22:14:59.700287,610
2020-10-30 22:14:59.702883,615
2020-10-30 22:14:59.703676,609
2020-10-30 22:14:59.704548,601
2020-10-30 22:14:59.706086,602
2020-10-30 22:14:59.712422,609
2020-10-30 22:14:59.713540,609
2020-10-30 22:14:59.714143,606
2020-10-30 22:14:59.715530,603
2020-10-30 22:14:59.716911,600
2020-10-30 22:14:59.717753,602
2020-10-30 22:14:59.718721,605
2020-10-30 22:14:59.719519,606
2020-10-30 22:14:59.720189,602
2020-10-30 22:14:59.720770,605
2020-10-30 22:14:59.721521,622
2020-10-30 22:14:59.722589,629
2020-10-30 22:14:59.723592,622
2020-10-30 22:14:59.726545,615
2020-10-30 22:14:59.727303,616
2020-10-30 22:14:59.733887,619
2020-10-30 22:14:59.735258,618
2020-10-30 22:14:59.736528,607
2020-10-30 22:14:59.737288,607
2020-10-30 22:14:59.737810,609
2020-10-30 22:14:59.738352,613
2020-10-30 22:14:59.738872,618
2020-10-30 22:14:59.739523,614
2020-10-30 22:14:59.740115,609
2020-10-30 22:14:59.740984,606
2020-10-30 22:14:59.743648,602
2020-10-30 22:14:59.744176,604
2020-10-30 22:14:59.745411,601
2020-10-30 22:14:59.746840,601
2020-10-30 22:14:59.748147,603
2020-10-30 22:14:59.749850,600
2020-10-30 22:14:59.752511,600
2020-10-30 22:14:59.753725,601
2020-10-30 22:14:59.754571,591
2020-10-30 22:14:59.760087,585
2020-10-30 22:14:59.760838,586
2020-10-30 22:14:59.761532,585
2020-10-30 22:14:59.762673,582
2020-10-30 22:14:59.763865,580
2020-10-30 22:14:59.765082,584
2020-10-30 22:14:59.766334,590
2020-10-30 22:14:59.767694,598
2020-10-30 22:14:59.768993,593
2020-10-30 22:14:59.770172,589
2020-10-30 22:14:59.771218,592
2020-10-30 22:14:59.772042,594
2020-10-30 22:14:59.774700,584
2020-10-30 22:14:59.775710,580
2020-10-30 22:14:59.776737,570
2020-10-30 22:14:59.779112,562
2020-10-30 22:14:59.780090,561
2020-10-30 22:14:59.780953,555
2020-10-30 22:14:59.782331,558
2020-10-30 22:14:59.785131,585
2020-10-30 22:14:59.786562,598
2020-10-30 22:14:59.788423,628
2020-10-30 22:14:59.789798,629
2020-10-30 22:14:59.790885,648
2020-10-30 22:14:59.791813,662
2020-10-30 22:14:59.794561,655
2020-10-30 22:14:59.795460,654
2020-10-30 22:14:59.796506,648
2020-10-30 22:14:59.797478,656
2020-10-30 22:14:59.803036,653
2020-10-30 22:14:59.804117,648
2020-10-30 22:14:59.805746,639
2020-10-30 22:14:59.806792,637
2020-10-30 22:14:59.808473,629
2020-10-30 22:14:59.809437,619
2020-10-30 22:14:59.810218,615
2020-10-30 22:14:59.811292,612
2020-10-30 22:14:59.813101,606
2020-10-30 22:14:59.814015,597
2020-10-30 22:14:59.815181,594
2020-10-30 22:14:59.819589,595
2020-10-30 22:14:59.820756,602
2020-10-30 22:14:59.821966,615
2020-10-30 22:14:59.822731,619
2020-10-30 22:14:59.824605,620
2020-10-30 22:14:59.825659,622
2020-10-30 22:14:59.827288,625
2020-10-30 22:14:59.828445,620
2020-10-30 22:14:59.829550,616
2020-10-30 22:14:59.830807,606
2020-10-30 22:14:59.832016,600
2020-10-30 22:14:59.832898,596
2020-10-30 22:14:59.833783,590
2020-10-30 22:14:59.835096,589
2020-10-30 22:14:59.836253,591
2020-10-30 22:14:59.837288,584
2020-10-30 22:14:59.839915,580
2020-10-30 22:14:59.841023,578
2020-10-30 22:14:59.842692,570
2020-10-30 22:14:59.843672,568
2020-10-30 22:14:59.848583,564
2020-10-30 22:14:59.849868,567
2020-10-30 22:14:59.851433,562
2020-10-30 22:14:59.852803,567
2020-10-30 22:14:59.854261,576
2020-10-30 22:14:59.855521,579
2020-10-30 22:14:59.856489,585
2020-10-30 22:14:59.857453,591
2020-10-30 22:14:59.858945,600
2020-10-30 22:14:59.860050,606
2020-10-30 22:14:59.861463,608
2020-10-30 22:14:59.863061,616
2020-10-30 22:14:59.864725,626
2020-10-30 22:14:59.865947,629
2020-10-30 22:14:59.873155,622
2020-10-30 22:14:59.874354,616
2020-10-30 22:14:59.875233,624
2020-10-30 22:14:59.875809,620
2020-10-30 22:14:59.876350,615
2020-10-30 22:14:59.877406,614
2020-10-30 22:14:59.878819,617
2020-10-30 22:14:59.880425,616
2020-10-30 22:14:59.881931,613
2020-10-30 22:14:59.883151,608
2020-10-30 22:14:59.884050,604
2020-10-30 22:14:59.885521,602
2020-10-30 22:14:59.886909,597
2020-10-30 22:14:59.887941,601
2020-10-30 22:14:59.889423,600
2020-10-30 22:14:59.891071,591
2020-10-30 22:14:59.892250,585
2020-10-30 22:14:59.893693,581
2020-10-30 22:14:59.897405,591
2020-10-30 22:14:59.898542,602
2020-10-30 22:14:59.904325,606
2020-10-30 22:14:59.905701,610
2020-10-30 22:14:59.906971,614
2020-10-30 22:14:59.908552,628
2020-10-30 22:14:59.909539,637
2020-10-30 22:14:59.910804,636
2020-10-30 22:14:59.911699,639
2020-10-30 22:14:59.912606,636
2020-10-30 22:14:59.913467,634
2020-10-30 22:14:59.914486,633
2020-10-30 22:14:59.915692,625
2020-10-30 22:14:59.916516,620
2020-10-30 22:14:59.917687,610
2020-10-30 22:14:59.918802,615
2020-10-30 22:14:59.920184,627
2020-10-30 22:14:59.921080,637
2020-10-30 22:14:59.922319,639
2020-10-30 22:14:59.923347,637
2020-10-30 22:14:59.924357,637
2020-10-30 22:14:59.925897,628
2020-10-30 22:14:59.926901,626
2020-10-30 22:14:59.927736,619
2020-10-30 22:14:59.928925,617
2020-10-30 22:14:59.929957,617
2020-10-30 22:14:59.931501,614
2020-10-30 22:14:59.934251,624
2020-10-30 22:14:59.935366,628
2020-10-30 22:14:59.937059,629
2020-10-30 22:14:59.938154,633
2020-10-30 22:14:59.939259,636
2020-10-30 22:14:59.940120,662
2020-10-30 22:14:59.941619,666
2020-10-30 22:14:59.942822,675
2020-10-30 22:14:59.944339,681
2020-10-30 22:14:59.945580,676
2020-10-30 22:14:59.946494,663
2020-10-30 22:14:59.948905,670
2020-10-30 22:14:59.950198,676
2020-10-30 22:14:59.951546,681
2020-10-30 22:14:59.952578,676
2020-10-30 22:14:59.953498,672
2020-10-30 22:14:59.954777,662
2020-10-30 22:14:59.956362,663
2020-10-30 22:14:59.957603,665
2020-10-30 22:14:59.958704,664
2020-10-30 22:14:59.961088,673
2020-10-30 22:14:59.963700,666
2020-10-30 22:14:59.964732,662
2020-10-30 22:14:59.965921,667
2020-10-30 22:14:59.968295,681
2020-10-30 22:14:59.969235,681
2020-10-30 22:14:59.970381,674
2020-10-30 22:14:59.971229,672
2020-10-30 22:14:59.972381,690
2020-10-30 22:14:59.974143,692
2020-10-30 22:14:59.975779,691
2020-10-30 22:14:59.978426,681
2020-10-30 22:14:59.979796,676
2020-10-30 22:14:59.981365,672
2020-10-30 22:14:59.982387,672
2020-10-30 22:14:59.984068,672
2020-10-30 22:14:59.985348,668
2020-10-30 22:14:59.986865,662
2020-10-30 22:14:59.987891,654
2020-10-30 22:14:59.988730,648
2020-10-30 22:14:59.992227,644
2020-10-30 22:14:59.993309,648
2020-10-30 22:14:59.994703,641
2020-10-30 22:14:59.996142,639
2020-10-30 22:14:59.997393,633
2020-10-30 22:14:59.998689,629
2020-10-30 22:15:00.000168,618
2020-10-30 22:15:00.001273,613
2020-10-30 22:15:00.002380,626
2020-10-30 22:15:00.003716,646
2020-10-30 22:15:00.007638,674
2020-10-30 22:15:00.009857,675
2020-10-30 22:15:00.010891,673
2020-10-30 22:15:00.012621,665
2020-10-30 22:15:00.013668,656
2020-10-30 22:15:00.014957,652
2020-10-30 22:15:00.016215,640
2020-10-30 22:15:00.017643,634
2020-10-30 22:15:00.018625,643
2020-10-30 22:15:00.019623,653
2020-10-30 22:15:00.020903,653
2020-10-30 22:15:00.021890,653
2020-10-30 22:15:00.022820,646
2020-10-30 22:15:00.025550,640
2020-10-30 22:15:00.026665,643
2020-10-30 22:15:00.028329,658
2020-10-30 22:15:00.029368,655
2020-10-30 22:15:00.030301,651
2020-10-30 22:15:00.032913,653
2020-10-30 22:15:00.034137,653
2020-10-30 22:15:00.036260,654
2020-10-30 22:15:00.038931,645
2020-10-30 22:15:00.040098,643
2020-10-30 22:15:00.041422,643
2020-10-30 22:15:00.042509,642
2020-10-30 22:15:00.043806,636
2020-10-30 22:15:00.044684,633
2020-10-30 22:15:00.046022,637
2020-10-30 22:15:00.047648,649
2020-10-30 22:15:00.049149,657
2020-10-30 22:15:00.050221,665
2020-10-30 22:15:00.051995,666
2020-10-30 22:15:00.053802,668
2020-10-30 22:15:00.054763,673
2020-10-30 22:15:00.056264,667
2020-10-30 22:15:00.057357,672
2020-10-30 22:15:00.058378,668
2020-10-30 22:15:00.059481,666
2020-10-30 22:15:00.061746,662
2020-10-30 22:15:00.063003,666
2020-10-30 22:15:00.064293,669
2020-10-30 22:15:00.067019,663
2020-10-30 22:15:00.068100,661
2020-10-30 22:15:00.069814,653
2020-10-30 22:15:00.070757,653
2020-10-30 22:15:00.071722,653
2020-10-30 22:15:00.072947,658
2020-10-30 22:15:00.074691,657
2020-10-30 22:15:00.075840,649
2020-10-30 22:15:00.077406,642
2020-10-30 22:15:00.080002,634
2020-10-30 22:15:00.081355,629
2020-10-30 22:15:00.082876,646
2020-10-30 22:15:00.084498,662
2020-10-30 22:15:00.085769,666
2020-10-30 22:15:00.086924,670
2020-10-30 22:15:00.087763,711
2020-10-30 22:15:00.089514,718
2020-10-30 22:15:00.092333,711
2020-10-30 22:15:00.093343,708
2020-10-30 22:15:00.094588,706
2020-10-30 22:15:00.095486,705
2020-10-30 22:15:00.096914,696
2020-10-30 22:15:00.099068,709
2020-10-30 22:15:00.100218,708
2020-10-30 22:15:00.101485,696
2020-10-30 22:15:00.102380,692
2020-10-30 22:15:00.104037,682
2020-10-30 22:15:00.106606,676
2020-10-30 22:15:00.107637,673
2020-10-30 22:15:00.111324,666
2020-10-30 22:15:00.112931,663
2020-10-30 22:15:00.114151,655
2020-10-30 22:15:00.115277,645
2020-10-30 22:15:00.116666,645
2020-10-30 22:15:00.118245,642
2020-10-30 22:15:00.119358,634
2020-10-30 22:15:00.120212,627
2020-10-30 22:15:00.120965,619
2020-10-30 22:15:00.122864,610
2020-10-30 22:15:00.123849,608
2020-10-30 22:15:00.126320,629
2020-10-30 22:15:00.127294,639
2020-10-30 22:15:00.128636,653
2020-10-30 22:15:00.129968,656
2020-10-30 22:15:00.131031,658
2020-10-30 22:15:00.131864,654
2020-10-30 22:15:00.133316,665
2020-10-30 22:15:00.135920,681
2020-10-30 22:15:00.136971,678
2020-10-30 22:15:00.138935,672
2020-10-30 22:15:00.140504,667
2020-10-30 22:15:00.142158,665
2020-10-30 22:15:00.144336,673
2020-10-30 22:15:00.145521,665
2020-10-30 22:15:00.146896,662
2020-10-30 22:15:00.148515,657
2020-10-30 22:15:00.149783,658
2020-10-30 22:15:00.150905,660
2020-10-30 22:15:00.152350,657
2020-10-30 22:15:00.153197,653
2020-10-30 22:15:00.154754,640
2020-10-30 22:15:00.156499,640
2020-10-30 22:15:00.157462,642
2020-10-30 22:15:00.158792,639
2020-10-30 22:15:00.159711,665
2020-10-30 22:15:00.161297,670
2020-10-30 22:15:00.162822,663
2020-10-30 22:15:00.166062,654
2020-10-30 22:15:00.167121,656
2020-10-30 22:15:00.168583,679
2020-10-30 22:15:00.169886,693
2020-10-30 22:15:00.170983,715
2020-10-30 22:15:00.172676,709
2020-10-30 22:15:00.173562,715
2020-10-30 22:15:00.174755,715
2020-10-30 22:15:00.177333,730
2020-10-30 22:15:00.178586,735
2020-10-30 22:15:00.179981,730
2020-10-30 22:15:00.181184,726
2020-10-30 22:15:00.182994,720
2020-10-30 22:15:00.183736,717
2020-10-30 22:15:00.184858,727
2020-10-30 22:15:00.187404,724
2020-10-30 22:15:00.188141,725
2020-10-30 22:15:00.189314,717
2020-10-30 22:15:00.192627,715
2020-10-30 22:15:00.193637,715
2020-10-30 22:15:00.194806,705
2020-10-30 22:15:00.195605,696
2020-10-30 22:15:00.198359,697
2020-10-30 22:15:00.199418,696
2020-10-30 22:15:00.200541,693
2020-10-30 22:15:00.202575,690
2020-10-30 22:15:00.203901,684
2020-10-30 22:15:00.204957,676
2020-10-30 22:15:00.206360,673
2020-10-30 22:15:00.207390,676
2020-10-30 22:15:00.212209,675
2020-10-30 22:15:00.213329,676
2020-10-30 22:15:00.214365,675
2020-10-30 22:15:00.215014,678
2020-10-30 22:15:00.215835,669
2020-10-30 22:15:00.216809,670
2020-10-30 22:15:00.217999,692
2020-10-30 22:15:00.220911,723
2020-10-30 22:15:00.221889,741
2020-10-30 22:15:00.223450,760
2020-10-30 22:15:00.224044,758
2020-10-30 22:15:00.225176,754
2020-10-30 22:15:00.228040,741
2020-10-30 22:15:00.228793,736
2020-10-30 22:15:00.230236,725
2020-10-30 22:15:00.233560,717
2020-10-30 22:15:00.234285,718
2020-10-30 22:15:00.235972,712
2020-10-30 22:15:00.236796,709
2020-10-30 22:15:00.237857,721
2020-10-30 22:15:00.238721,729
2020-10-30 22:15:00.240754,725
2020-10-30 22:15:00.242541,726
2020-10-30 22:15:00.243797,722
2020-10-30 22:15:00.245254,712
2020-10-30 22:15:00.245957,712
2020-10-30 22:15:00.246699,708
2020-10-30 22:15:00.248398,693
2020-10-30 22:15:00.249763,700
2020-10-30 22:15:00.250794,716
2020-10-30 22:15:00.252710,726
2020-10-30 22:15:00.253973,729
2020-10-30 22:15:00.255604,727
2020-10-30 22:15:00.257290,725
2020-10-30 22:15:00.260003,716
2020-10-30 22:15:00.260615,713
2020-10-30 22:15:00.262750,709
2020-10-30 22:15:00.263347,706
2020-10-30 22:15:00.264436,696
2020-10-30 22:15:00.266543,696
2020-10-30 22:15:00.267561,690
2020-10-30 22:15:00.272667,681
2020-10-30 22:15:00.273368,691
2020-10-30 22:15:00.274046,705
2020-10-30 22:15:00.274714,736
2020-10-30 22:15:00.275507,764
2020-10-30 22:15:00.277378,776
2020-10-30 22:15:00.278057,782
2020-10-30 22:15:00.280437,776
2020-10-30 22:15:00.281853,782
2020-10-30 22:15:00.282916,794
2020-10-30 22:15:00.284917,783
2020-10-30 22:15:00.286298,777
2020-10-30 22:15:00.287504,765
2020-10-30 22:15:00.288653,758
2020-10-30 22:15:00.289613,750
2020-10-30 22:15:00.291117,744
2020-10-30 22:15:00.297620,739
2020-10-30 22:15:00.298282,738
2020-10-30 22:15:00.298902,733
2020-10-30 22:15:00.299892,726
2020-10-30 22:15:00.300526,721
2020-10-30 22:15:00.301176,718
2020-10-30 22:15:00.301834,710
2020-10-30 22:15:00.302645,697
2020-10-30 22:15:00.304326,692
2020-10-30 22:15:00.306030,684
2020-10-30 22:15:00.308583,682
2020-10-30 22:15:00.309785,685
2020-10-30 22:15:00.310600,675
2020-10-30 22:15:00.315528,682
2020-10-30 22:15:00.317893,696
2020-10-30 22:15:00.318781,702
2020-10-30 22:15:00.319687,709
2020-10-30 22:15:00.320727,741
2020-10-30 22:15:00.321759,763
2020-10-30 22:15:00.322710,763
2020-10-30 22:15:00.323587,756
2020-10-30 22:15:00.324459,753
2020-10-30 22:15:00.326279,754
2020-10-30 22:15:00.327156,748
2020-10-30 22:15:00.328135,735
2020-10-30 22:15:00.329635,725
2020-10-30 22:15:00.332144,729
2020-10-30 22:15:00.332976,729
2020-10-30 22:15:00.333914,715
2020-10-30 22:15:00.336845,715
2020-10-30 22:15:00.337914,718
2020-10-30 22:15:00.338941,726
2020-10-30 22:15:00.340726,720
2020-10-30 22:15:00.343785,726
2020-10-30 22:15:00.344748,722
2020-10-30 22:15:00.345612,713
2020-10-30 22:15:00.350425,708
2020-10-30 22:15:00.351035,702
2020-10-30 22:15:00.351814,706
2020-10-30 22:15:00.352768,708
2020-10-30 22:15:00.353801,696
2020-10-30 22:15:00.355436,687
2020-10-30 22:15:00.357487,686
2020-10-30 22:15:00.358910,692
2020-10-30 22:15:00.359721,692
2020-10-30 22:15:00.361187,686
2020-10-30 22:15:00.363749,685
2020-10-30 22:15:00.364832,694
2020-10-30 22:15:00.365595,687
2020-10-30 22:15:00.370306,703
2020-10-30 22:15:00.370938,718
2020-10-30 22:15:00.376876,770
2020-10-30 22:15:00.377543,786
2020-10-30 22:15:00.378112,807
2020-10-30 22:15:00.378666,800
2020-10-30 22:15:00.379439,797
2020-10-30 22:15:00.380092,796
2020-10-30 22:15:00.380676,792
2020-10-30 22:15:00.381269,780
2020-10-30 22:15:00.382330,768
2020-10-30 22:15:00.382906,765
2020-10-30 22:15:00.383455,759
2020-10-30 22:15:00.384045,768
2020-10-30 22:15:00.385631,761
2020-10-30 22:15:00.388248,749
2020-10-30 22:15:00.388905,747
2020-10-30 22:15:00.391241,738
2020-10-30 22:15:00.391869,735
2020-10-30 22:15:00.394293,730
2020-10-30 22:15:00.394913,725
2020-10-30 22:15:00.395682,721
2020-10-30 22:15:00.397434,717
2020-10-30 22:15:00.400595,710
2020-10-30 22:15:00.401443,709
2020-10-30 22:15:00.402904,696
2020-10-30 22:15:00.403513,690
2020-10-30 22:15:00.404394,681
2020-10-30 22:15:00.405710,677
2020-10-30 22:15:00.407418,694
2020-10-30 22:15:00.409132,730
2020-10-30 22:15:00.412055,769
2020-10-30 22:15:00.412814,775
2020-10-30 22:15:00.413884,778
2020-10-30 22:15:00.417603,773
2020-10-30 22:15:00.419359,763
2020-10-30 22:15:00.420216,759
2020-10-30 22:15:00.421214,754
2020-10-30 22:15:00.422255,751
2020-10-30 22:15:00.422969,750
2020-10-30 22:15:00.424068,741
2020-10-30 22:15:00.425184,733
2020-10-30 22:15:00.427050,729
2020-10-30 22:15:00.429610,722
2020-10-30 22:15:00.431290,721
2020-10-30 22:15:00.432540,729
2020-10-30 22:15:00.434054,733
2020-10-30 22:15:00.435386,728
2020-10-30 22:15:00.436430,729
2020-10-30 22:15:00.438440,723
2020-10-30 22:15:00.439848,725
2020-10-30 22:15:00.441129,716
2020-10-30 22:15:00.441997,717
2020-10-30 22:15:00.443091,713
2020-10-30 22:15:00.445747,710
2020-10-30 22:15:00.447525,712
2020-10-30 22:15:00.448563,712
2020-10-30 22:15:00.449505,769
2020-10-30 22:15:00.451498,857
2020-10-30 22:15:00.452353,896
2020-10-30 22:15:00.453297,924
2020-10-30 22:15:00.454608,941
2020-10-30 22:15:00.456483,948
2020-10-30 22:15:00.458799,952
2020-10-30 22:15:00.459427,958
2020-10-30 22:15:00.461406,982
2020-10-30 22:15:00.464234,1012
2020-10-30 22:15:00.465499,1013
2020-10-30 22:15:00.469266,1006
2020-10-30 22:15:00.475707,1024
2020-10-30 22:15:00.476207,1024
2020-10-30 22:15:00.476707,1024
2020-10-30 22:15:00.477236,1024
2020-10-30 22:15:00.491564,1024
2020-10-30 22:15:00.492070,1024
2020-10-30 22:15:00.492589,1024
2020-10-30 22:15:00.493212,1024
2020-10-30 22:15:00.493859,1024
2020-10-30 22:15:00.494332,1021
2020-10-30 22:15:00.495017,1024
2020-10-30 22:15:00.495511,1024
2020-10-30 22:15:00.496007,1024
2020-10-30 22:15:00.496590,1024
2020-10-30 22:15:00.497090,1024
2020-10-30 22:15:00.497635,1024
2020-10-30 22:15:00.498170,1024
2020-10-30 22:15:00.498811,1024
2020-10-30 22:15:00.499457,1024
2020-10-30 22:15:00.500067,1024
2020-10-30 22:15:00.500992,1024
2020-10-30 22:15:00.501902,1022
2020-10-30 22:15:00.502700,1008
2020-10-30 22:15:00.503296,1008
2020-10-30 22:15:00.505685,1004
2020-10-30 22:15:00.506378,999
2020-10-30 22:15:00.507556,1001
2020-10-30 22:15:00.510398,1011
2020-10-30 22:15:00.511733,1006
2020-10-30 22:15:00.512486,987
2020-10-30 22:15:00.513457,966
2020-10-30 22:15:00.514910,953
2020-10-30 22:15:00.520132,938
2020-10-30 22:15:00.522281,926
2020-10-30 22:15:00.523136,922
2020-10-30 22:15:00.524437,917
2020-10-30 22:15:00.526367,908
2020-10-30 22:15:00.527633,900
2020-10-30 22:15:00.528952,909
2020-10-30 22:15:00.529856,921
2020-10-30 22:15:00.530584,925
2020-10-30 22:15:00.531927,913
2020-10-30 22:15:00.533146,902
2020-10-30 22:15:00.534381,894
2020-10-30 22:15:00.535239,890
2020-10-30 22:15:00.537165,880
2020-10-30 22:15:00.538423,878
2020-10-30 22:15:00.539402,873
2020-10-30 22:15:00.540458,895
2020-10-30 22:15:00.542803,913
2020-10-30 22:15:00.545671,913
2020-10-30 22:15:00.546863,918
2020-10-30 22:15:00.549733,929
2020-10-30 22:15:00.551099,921
2020-10-30 22:15:00.551784,914
2020-10-30 22:15:00.552520,907
2020-10-30 22:15:00.553545,890
2020-10-30 22:15:00.554557,882
2020-10-30 22:15:00.556176,872
2020-10-30 22:15:00.557144,873
2020-10-30 22:15:00.558143,873
2020-10-30 22:15:00.560598,859
2020-10-30 22:15:00.561768,852
2020-10-30 22:15:00.562605,842
2020-10-30 22:15:00.564058,842
2020-10-30 22:15:00.566494,836
2020-10-30 22:15:00.567794,831
2020-10-30 22:15:00.568769,832
2020-10-30 22:15:00.569720,841
2020-10-30 22:15:00.572224,830
2020-10-30 22:15:00.573182,824
2020-10-30 22:15:00.574325,830
2020-10-30 22:15:00.575481,859
2020-10-30 22:15:00.578123,884
2020-10-30 22:15:00.579219,892
2020-10-30 22:15:00.580073,888
2020-10-30 22:15:00.580969,886
2020-10-30 22:15:00.582561,882
2020-10-30 22:15:00.584300,882
2020-10-30 22:15:00.586315,871
2020-10-30 22:15:00.588535,858
2020-10-30 22:15:00.589590,856
2020-10-30 22:15:00.590775,855
2020-10-30 22:15:00.592941,855
2020-10-30 22:15:00.593920,852
2020-10-30 22:15:00.595912,836
2020-10-30 22:15:00.596754,830
2020-10-30 22:15:00.598852,822
2020-10-30 22:15:00.599925,817
2020-10-30 22:15:00.601537,804
2020-10-30 22:15:00.602402,795
2020-10-30 22:15:00.603646,792
2020-10-30 22:15:00.606086,782
2020-10-30 22:15:00.606900,778
2020-10-30 22:15:00.607849,764
2020-10-30 22:15:00.609792,754
2020-10-30 22:15:00.612256,745
2020-10-30 22:15:00.613590,741
2020-10-30 22:15:00.614305,730
2020-10-30 22:15:00.615249,722
2020-10-30 22:15:00.617083,712
2020-10-30 22:15:00.621908,710
2020-10-30 22:15:00.622735,706
2020-10-30 22:15:00.623871,702
2020-10-30 22:15:00.624612,697
2020-10-30 22:15:00.625512,703
2020-10-30 22:15:00.626241,746
2020-10-30 22:15:00.627119,766
2020-10-30 22:15:00.628463,760
2020-10-30 22:15:00.630180,760
2020-10-30 22:15:00.631541,753
2020-10-30 22:15:00.632857,750
2020-10-30 22:15:00.634581,754
2020-10-30 22:15:00.637292,750
2020-10-30 22:15:00.638320,749
2020-10-30 22:15:00.639691,778
2020-10-30 22:15:00.641720,834
2020-10-30 22:15:00.642606,844
2020-10-30 22:15:00.643830,848
2020-10-30 22:15:00.646357,836
2020-10-30 22:15:00.647147,841
2020-10-30 22:15:00.650952,842
2020-10-30 22:15:00.651704,835
2020-10-30 22:15:00.655310,825
2020-10-30 22:15:00.657116,820
2020-10-30 22:15:00.658124,813
2020-10-30 22:15:00.658863,800
2020-10-30 22:15:00.659686,794
2020-10-30 22:15:00.660406,783
2020-10-30 22:15:00.661029,783
2020-10-30 22:15:00.661824,800
2020-10-30 22:15:00.662714,801
2020-10-30 22:15:00.664513,794
2020-10-30 22:15:00.667079,788
2020-10-30 22:15:00.668509,784
2020-10-30 22:15:00.669557,796
2020-10-30 22:15:00.670281,829
2020-10-30 22:15:00.673273,845
2020-10-30 22:15:00.674357,841
2020-10-30 22:15:00.675664,834
2020-10-30 22:15:00.676448,842
2020-10-30 22:15:00.677484,831
2020-10-30 22:15:00.679935,817
2020-10-30 22:15:00.681156,811
2020-10-30 22:15:00.682218,821
2020-10-30 22:15:00.684904,840
2020-10-30 22:15:00.685826,841
2020-10-30 22:15:00.686698,838
2020-10-30 22:15:00.687582,853
2020-10-30 22:15:00.688877,861
2020-10-30 22:15:00.689911,858
2020-10-30 22:15:00.692221,861
2020-10-30 22:15:00.694814,855
2020-10-30 22:15:00.695763,846
2020-10-30 22:15:00.697593,836
2020-10-30 22:15:00.700142,836
2020-10-30 22:15:00.701662,826
2020-10-30 22:15:00.703198,826
2020-10-30 22:15:00.704457,825
2020-10-30 22:15:00.705375,834
2020-10-30 22:15:00.706617,856
2020-10-30 22:15:00.708142,870
2020-10-30 22:15:00.710155,869
2020-10-30 22:15:00.711307,898
2020-10-30 22:15:00.712351,903
2020-10-30 22:15:00.713956,898
2020-10-30 22:15:00.715318,897
2020-10-30 22:15:00.716348,902
2020-10-30 22:15:00.717895,890
2020-10-30 22:15:00.718945,880
2020-10-30 22:15:00.724222,867
2020-10-30 22:15:00.726015,861
2020-10-30 22:15:00.727858,879
2020-10-30 22:15:00.729276,894
2020-10-30 22:15:00.730560,926
2020-10-30 22:15:00.731631,941
2020-10-30 22:15:00.732547,950
2020-10-30 22:15:00.733543,944
2020-10-30 22:15:00.734886,928
2020-10-30 22:15:00.735800,926
2020-10-30 22:15:00.737068,964
2020-10-30 22:15:00.738043,986
2020-10-30 22:15:00.739435,984
2020-10-30 22:15:00.740421,965
2020-10-30 22:15:00.741883,962
2020-10-30 22:15:00.743066,956
2020-10-30 22:15:00.744844,955
2020-10-30 22:15:00.746125,951
2020-10-30 22:15:00.747123,932
2020-10-30 22:15:00.748182,924
2020-10-30 22:15:00.749440,918
2020-10-30 22:15:00.752154,907
2020-10-30 22:15:00.753480,896
2020-10-30 22:15:00.755502,884
2020-10-30 22:15:00.756272,878
2020-10-30 22:15:00.757913,874
2020-10-30 22:15:00.759403,874
2020-10-30 22:15:00.760933,879
2020-10-30 22:15:00.761854,879
2020-10-30 22:15:00.763251,889
2020-10-30 22:15:00.765070,883
2020-10-30 22:15:00.766017,878
2020-10-30 22:15:00.767095,869
2020-10-30 22:15:00.768564,867
2020-10-30 22:15:00.770435,866
2020-10-30 22:15:00.771447,856
2020-10-30 22:15:00.773102,847
2020-10-30 22:15:00.776009,845
2020-10-30 22:15:00.777074,849
2020-10-30 22:15:00.778798,857
2020-10-30 22:15:00.780061,850
2020-10-30 22:15:00.781606,846
2020-10-30 22:15:00.782755,837
2020-10-30 22:15:00.783595,822
2020-10-30 22:15:00.784722,812
2020-10-30 22:15:00.786215,801
2020-10-30 22:15:00.787321,793
2020-10-30 22:15:00.789423,793
2020-10-30 22:15:00.791975,786
2020-10-30 22:15:00.793094,783
2020-10-30 22:15:00.794018,772
2020-10-30 22:15:00.795214,786
2020-10-30 22:15:00.796057,785
2020-10-30 22:15:00.798282,784
2020-10-30 22:15:00.800922,787
2020-10-30 22:15:00.802373,784
2020-10-30 22:15:00.803308,784
2020-10-30 22:15:00.804726,784
2020-10-30 22:15:00.806946,785
2020-10-30 22:15:00.807853,780
2020-10-30 22:15:00.809416,773
2020-10-30 22:15:00.810955,766
2020-10-30 22:15:00.812708,775
2020-10-30 22:15:00.813675,770
2020-10-30 22:15:00.814940,759
2020-10-30 22:15:00.816352,746
2020-10-30 22:15:00.818450,734
2020-10-30 22:15:00.819350,729
2020-10-30 22:15:00.820123,722
2020-10-30 22:15:00.821797,715
2020-10-30 22:15:00.826929,706
2020-10-30 22:15:00.828254,697
2020-10-30 22:15:00.829320,699
2020-10-30 22:15:00.830327,720
2020-10-30 22:15:00.831629,754
2020-10-30 22:15:00.833148,758
2020-10-30 22:15:00.834475,760
2020-10-30 22:15:00.835737,785
2020-10-30 22:15:00.836601,781
2020-10-30 22:15:00.837433,773
2020-10-30 22:15:00.838644,772
2020-10-30 22:15:00.839703,775
2020-10-30 22:15:00.840837,770
2020-10-30 22:15:00.842617,766
2020-10-30 22:15:00.845473,758
2020-10-30 22:15:00.846861,756
2020-10-30 22:15:00.847948,763
2020-10-30 22:15:00.848863,758
2020-10-30 22:15:00.850181,746
2020-10-30 22:15:00.851099,735
2020-10-30 22:15:00.852577,726
2020-10-30 22:15:00.857135,720
2020-10-30 22:15:00.860094,722
2020-10-30 22:15:00.861498,736
2020-10-30 22:15:00.863011,760
2020-10-30 22:15:00.864088,786
2020-10-30 22:15:00.865463,792
2020-10-30 22:15:00.867002,787
2020-10-30 22:15:00.868289,776
2020-10-30 22:15:00.869852,772
2020-10-30 22:15:00.876126,766
2020-10-30 22:15:00.876876,762
2020-10-30 22:15:00.878165,756
2020-10-30 22:15:00.879475,762
2020-10-30 22:15:00.881333,771
2020-10-30 22:15:00.882575,762
2020-10-30 22:15:00.883492,754
2020-10-30 22:15:00.884739,763
2020-10-30 22:15:00.885533,775
2020-10-30 22:15:00.886385,766
2020-10-30 22:15:00.887327,772
2020-10-30 22:15:00.888526,770
2020-10-30 22:15:00.889654,778
2020-10-30 22:15:00.890450,775
2020-10-30 22:15:00.891659,780
2020-10-30 22:15:00.892622,769
2020-10-30 22:15:00.893742,766
2020-10-30 22:15:00.894524,752
2020-10-30 22:15:00.895993,745
2020-10-30 22:15:00.897371,754
2020-10-30 22:15:00.898480,774
2020-10-30 22:15:00.899549,786
2020-10-30 22:15:00.901063,794
2020-10-30 22:15:00.902101,784
2020-10-30 22:15:00.903925,774
2020-10-30 22:15:00.905388,765
2020-10-30 22:15:00.906614,757
2020-10-30 22:15:00.908576,745
2020-10-30 22:15:00.909761,740
2020-10-30 22:15:00.910743,727
2020-10-30 22:15:00.911997,736
2020-10-30 22:15:00.914334,746
2020-10-30 22:15:00.915366,746
2020-10-30 22:15:00.916350,744
2020-10-30 22:15:00.919059,766
2020-10-30 22:15:00.920396,782
2020-10-30 22:15:00.921378,784
2020-10-30 22:15:00.922976,775
2020-10-30 22:15:00.923875,774
2020-10-30 22:15:00.930035,776
2020-10-30 22:15:00.931348,776
2020-10-30 22:15:00.932465,772
2020-10-30 22:15:00.933889,766
2020-10-30 22:15:00.935415,759
2020-10-30 22:15:00.936502,752
2020-10-30 22:15:00.937751,737
2020-10-30 22:15:00.939133,730
2020-10-30 22:15:00.940729,721
2020-10-30 22:15:00.941852,715
2020-10-30 22:15:00.942943,710
2020-10-30 22:15:00.943943,696
2020-10-30 22:15:00.944938,696
2020-10-30 22:15:00.946152,694
2020-10-30 22:15:00.947254,686
2020-10-30 22:15:00.949143,685
2020-10-30 22:15:00.950799,691
2020-10-30 22:15:00.952031,727
2020-10-30 22:15:00.952883,749
2020-10-30 22:15:00.954307,750
2020-10-30 22:15:00.955159,746
2020-10-30 22:15:00.957069,732
2020-10-30 22:15:00.958528,722
2020-10-30 22:15:00.959569,726
2020-10-30 22:15:00.961765,727
2020-10-30 22:15:00.963478,738
2020-10-30 22:15:00.964550,739
2020-10-30 22:15:00.966067,740
2020-10-30 22:15:00.967043,738
2020-10-30 22:15:00.970049,734
2020-10-30 22:15:00.970869,749
2020-10-30 22:15:00.971654,760
2020-10-30 22:15:00.972399,762
2020-10-30 22:15:00.975413,785
2020-10-30 22:15:00.976196,795
2020-10-30 22:15:00.978065,788
2020-10-30 22:15:00.978867,785
2020-10-30 22:15:00.980779,770
2020-10-30 22:15:00.981539,763
2020-10-30 22:15:00.982660,771
2020-10-30 22:15:00.985321,783
2020-10-30 22:15:00.986097,786
2020-10-30 22:15:00.988504,787
2020-10-30 22:15:00.989276,785
2020-10-30 22:15:00.990051,773
2020-10-30 22:15:00.992659,774
2020-10-30 22:15:00.993393,774
2020-10-30 22:15:00.994240,763
2020-10-30 22:15:00.996486,750
2020-10-30 22:15:00.997302,744
2020-10-30 22:15:01.000158,737
2020-10-30 22:15:01.000980,741
2020-10-30 22:15:01.005338,776
2020-10-30 22:15:01.006420,794
2020-10-30 22:15:01.007930,810
2020-10-30 22:15:01.008748,817
2020-10-30 22:15:01.009996,814
2020-10-30 22:15:01.010739,812
2020-10-30 22:15:01.011540,807
2020-10-30 22:15:01.012256,789
2020-10-30 22:15:01.015006,776
2020-10-30 22:15:01.015736,774
2020-10-30 22:15:01.017255,766
2020-10-30 22:15:01.017887,759
2020-10-30 22:15:01.028717,745
2020-10-30 22:15:01.029349,733
2020-10-30 22:15:01.030468,727
2020-10-30 22:15:01.031448,730
2020-10-30 22:15:01.032063,735
2020-10-30 22:15:01.033095,738
2020-10-30 22:15:01.033768,730
2020-10-30 22:15:01.034363,726
2020-10-30 22:15:01.034897,718
2020-10-30 22:15:01.035547,712
2020-10-30 22:15:01.036287,710
2020-10-30 22:15:01.037596,700
2020-10-30 22:15:01.038550,696
2020-10-30 22:15:01.040025,693
2020-10-30 22:15:01.040985,699
2020-10-30 22:15:01.042931,710
2020-10-30 22:15:01.043923,710
2020-10-30 22:15:01.048446,716
2020-10-30 22:15:01.050518,712
2020-10-30 22:15:01.052032,696
2020-10-30 22:15:01.054060,694
2020-10-30 22:15:01.055613,696
2020-10-30 22:15:01.057055,685
2020-10-30 22:15:01.058160,675
2020-10-30 22:15:01.059582,670
2020-10-30 22:15:01.060671,658
2020-10-30 22:15:01.061796,648
2020-10-30 22:15:01.063048,646
2020-10-30 22:15:01.064249,637
2020-10-30 22:15:01.065914,633
2020-10-30 22:15:01.067171,626
2020-10-30 22:15:01.068635,627
2020-10-30 22:15:01.070064,640
2020-10-30 22:15:01.071388,645
2020-10-30 22:15:01.072278,638
2020-10-30 22:15:01.073190,637
2020-10-30 22:15:01.074088,644
2020-10-30 22:15:01.075018,657
2020-10-30 22:15:01.075953,654
2020-10-30 22:15:01.078516,649
2020-10-30 22:15:01.080966,646
2020-10-30 22:15:01.081773,639
2020-10-30 22:15:01.082521,637
2020-10-30 22:15:01.084332,636
2020-10-30 22:15:01.085319,636
2020-10-30 22:15:01.087056,638
2020-10-30 22:15:01.088185,633
2020-10-30 22:15:01.089444,621
2020-10-30 22:15:01.091540,626
2020-10-30 22:15:01.092294,626
2020-10-30 22:15:01.094361,618
2020-10-30 22:15:01.095841,622
2020-10-30 22:15:01.096760,640
2020-10-30 22:15:01.097571,649
2020-10-30 22:15:01.101538,648
2020-10-30 22:15:01.103392,655
2020-10-30 22:15:01.105157,651
2020-10-30 22:15:01.106577,644
2020-10-30 22:15:01.108096,648
2020-10-30 22:15:01.109809,648
2020-10-30 22:15:01.111349,643
2020-10-30 22:15:01.112705,634
2020-10-30 22:15:01.113985,629
2020-10-30 22:15:01.114710,627
2020-10-30 22:15:01.115849,619
2020-10-30 22:15:01.117864,615
2020-10-30 22:15:01.119869,610
2020-10-30 22:15:01.121174,616
2020-10-30 22:15:01.122574,621
2020-10-30 22:15:01.123531,628
2020-10-30 22:15:01.124735,626
2020-10-30 22:15:01.126073,622
2020-10-30 22:15:01.127040,615
2020-10-30 22:15:01.128697,622
2020-10-30 22:15:01.130239,629
2020-10-30 22:15:01.131001,630
2020-10-30 22:15:01.134795,622
2020-10-30 22:15:01.135749,619
2020-10-30 22:15:01.136182,617
2020-10-30 22:15:01.136762,608
2020-10-30 22:15:01.138591,598
2020-10-30 22:15:01.139476,593
2020-10-30 22:15:01.140219,585
2020-10-30 22:15:01.141955,585
2020-10-30 22:15:01.146357,581
2020-10-30 22:15:01.147029,582
2020-10-30 22:15:01.147809,588
2020-10-30 22:15:01.148460,589
2020-10-30 22:15:01.149112,586
2020-10-30 22:15:01.151160,588
2020-10-30 22:15:01.153879,581
2020-10-30 22:15:01.155046,581
2020-10-30 22:15:01.156196,602
2020-10-30 22:15:01.157270,615
2020-10-30 22:15:01.158404,639
2020-10-30 22:15:01.161825,648
2020-10-30 22:15:01.162674,646
2020-10-30 22:15:01.165110,645
2020-10-30 22:15:01.165961,642
2020-10-30 22:15:01.166851,654
2020-10-30 22:15:01.167742,663
2020-10-30 22:15:01.169534,656
2020-10-30 22:15:01.171423,652
2020-10-30 22:15:01.172265,639
2020-10-30 22:15:01.173935,629
2020-10-30 22:15:01.174672,625
2020-10-30 22:15:01.175506,615
2020-10-30 22:15:01.177174,606
2020-10-30 22:15:01.180064,606
2020-10-30 22:15:01.181945,609
2020-10-30 22:15:01.188887,628
2020-10-30 22:15:01.189773,632
2020-10-30 22:15:01.190566,632
2020-10-30 22:15:01.191694,650
2020-10-30 22:15:01.192972,665
2020-10-30 22:15:01.194250,668
2020-10-30 22:15:01.195616,661
2020-10-30 22:15:01.197253,652
2020-10-30 22:15:01.198331,650
2020-10-30 22:15:01.199465,644
2020-10-30 22:15:01.200400,642
2020-10-30 22:15:01.201054,641
2020-10-30 22:15:01.201809,634
2020-10-30 22:15:01.202366,627
2020-10-30 22:15:01.202900,618
2020-10-30 22:15:01.203602,610
2020-10-30 22:15:01.205018,607
2020-10-30 22:15:01.206817,604
2020-10-30 22:15:01.214242,605
2020-10-30 22:15:01.214884,603
2020-10-30 22:15:01.215451,594
2020-10-30 22:15:01.216536,588
2020-10-30 22:15:01.217117,578
2020-10-30 22:15:01.217745,576
2020-10-30 22:15:01.218532,574
2020-10-30 22:15:01.219405,583
2020-10-30 22:15:01.220974,598
2020-10-30 22:15:01.221598,601
2020-10-30 22:15:01.222812,604
2020-10-30 22:15:01.224207,604
2020-10-30 22:15:01.225790,598
2020-10-30 22:15:01.227657,592
2020-10-30 22:15:01.229763,589
2020-10-30 22:15:01.230958,585
2020-10-30 22:15:01.231858,577
2020-10-30 22:15:01.236302,580
2020-10-30 22:15:01.239309,581
2020-10-30 22:15:01.239985,580
2020-10-30 22:15:01.240784,579
2020-10-30 22:15:01.241638,576
2020-10-30 22:15:01.242793,566
2020-10-30 22:15:01.243996,560
2020-10-30 22:15:01.248164,552
2020-10-30 22:15:01.249048,549
2020-10-30 22:15:01.249850,546
2020-10-30 22:15:01.250819,543
2020-10-30 22:15:01.251866,540
2020-10-30 22:15:01.252632,532
2020-10-30 22:15:01.253345,528
2020-10-30 22:15:01.254992,524
2020-10-30 22:15:01.255723,534
2020-10-30 22:15:01.258072,542
2020-10-30 22:15:01.259030,543
2020-10-30 22:15:01.259920,545
2020-10-30 22:15:01.262385,546
2020-10-30 22:15:01.264079,545
2020-10-30 22:15:01.265466,536
2020-10-30 22:15:01.267206,530
2020-10-30 22:15:01.267871,528
2020-10-30 22:15:01.269549,535
2020-10-30 22:15:01.270815,535
2020-10-30 22:15:01.271585,533
2020-10-30 22:15:01.274358,528
2020-10-30 22:15:01.275087,528
2020-10-30 22:15:01.277052,535
2020-10-30 22:15:01.277701,542
2020-10-30 22:15:01.278586,555
2020-10-30 22:15:01.281783,562
2020-10-30 22:15:01.282618,564
2020-10-30 22:15:01.283583,562
2020-10-30 22:15:01.284814,556
2020-10-30 22:15:01.288098,553
2020-10-30 22:15:01.288897,549
2020-10-30 22:15:01.290697,545
2020-10-30 22:15:01.291448,547
2020-10-30 22:15:01.293643,552
2020-10-30 22:15:01.294519,552
2020-10-30 22:15:01.295187,550
2020-10-30 22:15:01.297763,547
2020-10-30 22:15:01.298587,546
2020-10-30 22:15:01.299427,542
2020-10-30 22:15:01.300974,534
2020-10-30 22:15:01.302633,529
2020-10-30 22:15:01.305366,522
2020-10-30 22:15:01.306353,519
2020-10-30 22:15:01.307127,517
2020-10-30 22:15:01.308213,520
2020-10-30 22:15:01.309678,522
2020-10-30 22:15:01.311145,522
2020-10-30 22:15:01.312550,520
2020-10-30 22:15:01.314075,522
2020-10-30 22:15:01.315907,525
2020-10-30 22:15:01.318536,526
2020-10-30 22:15:01.319408,526
2020-10-30 22:15:01.320296,529
2020-10-30 22:15:01.321274,526
2020-10-30 22:15:01.323052,528
2020-10-30 22:15:01.324596,533
2020-10-30 22:15:01.326239,541
2020-10-30 22:15:01.328759,547
2020-10-30 22:15:01.329635,552
2020-10-30 22:15:01.330550,544
2020-10-30 22:15:01.333350,538
2020-10-30 22:15:01.334144,540
2020-10-30 22:15:01.338972,538
2020-10-30 22:15:01.340095,536
2020-10-30 22:15:01.340900,533
2020-10-30 22:15:01.341603,533
2020-10-30 22:15:01.342746,536
2020-10-30 22:15:01.343818,534
2020-10-30 22:15:01.344814,533
2020-10-30 22:15:01.346422,529
2020-10-30 22:15:01.347141,523
2020-10-30 22:15:01.347890,518
2020-10-30 22:15:01.349902,523
2020-10-30 22:15:01.352301,530
2020-10-30 22:15:01.353174,531
2020-10-30 22:15:01.354196,528
2020-10-30 22:15:01.357095,532
2020-10-30 22:15:01.358013,533
2020-10-30 22:15:01.358931,532
2020-10-30 22:15:01.359874,532
2020-10-30 22:15:01.361567,532
2020-10-30 22:15:01.362924,533
2020-10-30 22:15:01.364750,533
2020-10-30 22:15:01.379096,529
2020-10-30 22:15:01.382172,528
2020-10-30 22:15:01.388716,529
2020-10-30 22:15:01.389328,530
2020-10-30 22:15:01.390358,531
2020-10-30 22:15:01.391352,533
2020-10-30 22:15:01.392741,535
2020-10-30 22:15:01.394004,536
2020-10-30 22:15:01.395187,537
2020-10-30 22:15:01.396014,541
2020-10-30 22:15:01.396620,542
2020-10-30 22:15:01.397111,543
2020-10-30 22:15:01.398244,542
2020-10-30 22:15:01.399497,541
2020-10-30 22:15:01.400221,535
2020-10-30 22:15:01.401035,535
2020-10-30 22:15:01.401866,534
2020-10-30 22:15:01.403058,532
2020-10-30 22:15:01.404175,530
2020-10-30 22:15:01.405131,528
2020-10-30 22:15:01.405920,526
2020-10-30 22:15:01.406529,526
2020-10-30 22:15:01.407058,521
2020-10-30 22:15:01.407545,516
2020-10-30 22:15:01.408057,513
2020-10-30 22:15:01.408566,509
2020-10-30 22:15:01.409074,512
2020-10-30 22:15:01.410104,514
2020-10-30 22:15:01.410710,514
2020-10-30 22:15:01.411414,514
2020-10-30 22:15:01.412017,514
2020-10-30 22:15:01.412717,514
2020-10-30 22:15:01.414197,514
2020-10-30 22:15:01.415237,513
2020-10-30 22:15:01.416207,508
2020-10-30 22:15:01.417059,506
2020-10-30 22:15:01.418933,505
2020-10-30 22:15:01.420567,505
2020-10-30 22:15:01.422128,505
2020-10-30 22:15:01.424825,501
2020-10-30 22:15:01.425760,499
2020-10-30 22:15:01.426528,497
2020-10-30 22:15:01.428977,494
2020-10-30 22:15:01.429815,494
2020-10-30 22:15:01.432338,488
2020-10-30 22:15:01.435423,485
2020-10-30 22:15:01.436601,486
2020-10-30 22:15:01.437815,487
2020-10-30 22:15:01.439584,487
2020-10-30 22:15:01.441930,485
2020-10-30 22:15:01.442981,485
2020-10-30 22:15:01.444036,483
2020-10-30 22:15:01.444914,482
2020-10-30 22:15:01.445633,481
2020-10-30 22:15:01.446947,478
2020-10-30 22:15:01.447977,478
2020-10-30 22:15:01.448779,478
2020-10-30 22:15:01.451476,477
2020-10-30 22:15:01.452849,477
2020-10-30 22:15:01.454080,475
2020-10-30 22:15:01.455280,475
2020-10-30 22:15:01.456112,474
2020-10-30 22:15:01.457176,471
2020-10-30 22:15:01.458770,470
2020-10-30 22:15:01.460264,469
2020-10-30 22:15:01.461891,466
2020-10-30 22:15:01.463031,465
2020-10-30 22:15:01.464600,464
2020-10-30 22:15:01.466177,464
2020-10-30 22:15:01.470429,462
2020-10-30 22:15:01.471299,461
2020-10-30 22:15:01.473304,459
2020-10-30 22:15:01.474055,456
2020-10-30 22:15:01.474966,454
2020-10-30 22:15:01.476099,451
2020-10-30 22:15:01.477095,448
2020-10-30 22:15:01.478096,446
2020-10-30 22:15:01.480579,446
2020-10-30 22:15:01.482056,444
2020-10-30 22:15:01.483341,441
2020-10-30 22:15:01.484713,440
2020-10-30 22:15:01.485642,437
2020-10-30 22:15:01.487079,434
2020-10-30 22:15:01.489874,433
2020-10-30 22:15:01.491013,433
2020-10-30 22:15:01.492429,429
2020-10-30 22:15:01.493734,428
2020-10-30 22:15:01.495344,428
2020-10-30 22:15:01.496420,427
2020-10-30 22:15:01.497646,426
2020-10-30 22:15:01.500004,424
2020-10-30 22:15:01.500687,423
2020-10-30 22:15:01.501425,421
2020-10-30 22:15:01.503024,416
2020-10-30 22:15:01.504287,415
2020-10-30 22:15:01.505952,414
2020-10-30 22:15:01.507587,413
2020-10-30 22:15:01.509736,413
2020-10-30 22:15:01.511836,413
2020-10-30 22:15:01.512812,413
2020-10-30 22:15:01.513916,413
2020-10-30 22:15:01.514802,412
2020-10-30 22:15:01.517973,412
2020-10-30 22:15:01.518920,411
2020-10-30 22:15:01.520113,411
2020-10-30 22:15:01.524342,412
2020-10-30 22:15:01.525362,411
2020-10-30 22:15:01.526621,411
2020-10-30 22:15:01.527590,410
2020-10-30 22:15:01.528508,410
2020-10-30 22:15:01.529524,410
2020-10-30 22:15:01.530604,408
2020-10-30 22:15:01.531363,408
2020-10-30 22:15:01.532276,408
2020-10-30 22:15:01.534008,406
2020-10-30 22:15:01.535518,406
2020-10-30 22:15:01.538734,406
2020-10-30 22:15:01.540123,406
2020-10-30 22:15:01.543332,406
2020-10-30 22:15:01.544187,406
2020-10-30 22:15:01.545618,404
2020-10-30 22:15:01.546426,402
2020-10-30 22:15:01.547160,402
2020-10-30 22:15:01.547944,402
2020-10-30 22:15:01.549948,401
2020-10-30 22:15:01.550847,400
2020-10-30 22:15:01.552101,400
2020-10-30 22:15:01.554460,399
2020-10-30 22:15:01.555536,399
2020-10-30 22:15:01.556554,397
2020-10-30 22:15:01.557748,394
2020-10-30 22:15:01.560648,393
2020-10-30 22:15:01.561565,393
2020-10-30 22:15:01.562636,392
2020-10-30 22:15:01.563581,392
2020-10-30 22:15:01.565068,392
2020-10-30 22:15:01.567874,390
2020-10-30 22:15:01.569015,390
2020-10-30 22:15:01.570050,387
2020-10-30 22:15:01.572341,386
2020-10-30 22:15:01.574093,384
2020-10-30 22:15:01.575517,382
2020-10-30 22:15:01.576467,380
2020-10-30 22:15:01.577454,379
2020-10-30 22:15:01.578262,377
2020-10-30 22:15:01.581047,376
2020-10-30 22:15:01.581783,375
2020-10-30 22:15:01.582447,374
2020-10-30 22:15:01.584533,373
2020-10-30 22:15:01.586994,369
2020-10-30 22:15:01.587814,368
2020-10-30 22:15:01.588868,367
2020-10-30 22:15:01.590062,366
2020-10-30 22:15:01.591637,364
2020-10-30 22:15:01.596329,363
2020-10-30 22:15:01.597533,362
2020-10-30 22:15:01.599027,360
2020-10-30 22:15:01.600395,358
2020-10-30 22:15:01.601517,360
2020-10-30 22:15:01.602568,360
2020-10-30 22:15:01.603930,358
2020-10-30 22:15:01.605582,357
2020-10-30 22:15:01.606619,357
2020-10-30 22:15:01.608376,360
2020-10-30 22:15:01.610331,360
2020-10-30 22:15:01.611511,361
2020-10-30 22:15:01.612654,361
2020-10-30 22:15:01.613780,363
2020-10-30 22:15:01.615360,363
2020-10-30 22:15:01.616534,363
2020-10-30 22:15:01.617778,362
2020-10-30 22:15:01.618582,362
2020-10-30 22:15:01.619618,360
2020-10-30 22:15:01.621407,357
2020-10-30 22:15:01.624402,356
2020-10-30 22:15:01.625819,357
2020-10-30 22:15:01.627639,356
2020-10-30 22:15:01.629005,355
2020-10-30 22:15:01.630381,354
2020-10-30 22:15:01.631478,354
2020-10-30 22:15:01.632837,352
2020-10-30 22:15:01.634292,351
2020-10-30 22:15:01.635492,353
2020-10-30 22:15:01.636638,353
2020-10-30 22:15:01.638295,354
2020-10-30 22:15:01.640744,354
2020-10-30 22:15:01.641839,354
2020-10-30 22:15:01.646133,351
2020-10-30 22:15:01.647241,351
2020-10-30 22:15:01.649396,352
2020-10-30 22:15:01.650468,352
2020-10-30 22:15:01.651241,352
2020-10-30 22:15:01.652212,353
2020-10-30 22:15:01.653483,352
2020-10-30 22:15:01.654967,351
2020-10-30 22:15:01.655584,349
2020-10-30 22:15:01.656597,349
2020-10-30 22:15:01.657644,349
2020-10-30 22:15:01.658813,348
2020-10-30 22:15:01.660068,346
2020-10-30 22:15:01.662383,344
2020-10-30 22:15:01.664399,344
2020-10-30 22:15:01.666363,342
2020-10-30 22:15:01.667316,341
2020-10-30 22:15:01.668395,340
2020-10-30 22:15:01.669650,340
2020-10-30 22:15:01.671574,339
2020-10-30 22:15:01.672818,337
2020-10-30 22:15:01.674296,336
2020-10-30 22:15:01.675041,334
2020-10-30 22:15:01.676991,334
2020-10-30 22:15:01.678581,334
2020-10-30 22:15:01.679947,336
2020-10-30 22:15:01.681346,334
2020-10-30 22:15:01.682217,332
2020-10-30 22:15:01.684193,330
2020-10-30 22:15:01.685188,329
2020-10-30 22:15:01.686326,327
2020-10-30 22:15:01.688973,326
2020-10-30 22:15:01.690074,326
2020-10-30 22:15:01.691362,325
2020-10-30 22:15:01.692216,321
2020-10-30 22:15:01.693736,320
2020-10-30 22:15:01.694697,318
2020-10-30 22:15:01.695801,316
2020-10-30 22:15:01.698200,315
2020-10-30 22:15:01.700547,313
2020-10-30 22:15:01.701242,310
2020-10-30 22:15:01.702269,309
2020-10-30 22:15:01.704701,309
2020-10-30 22:15:01.705536,309
2020-10-30 22:15:01.706576,308
2020-10-30 22:15:01.709134,308
2020-10-30 22:15:01.710280,307
2020-10-30 22:15:01.711478,307
2020-10-30 22:15:01.712755,306
2020-10-30 22:15:01.714690,302
2020-10-30 22:15:01.715431,302
2020-10-30 22:15:01.717340,298
2020-10-30 22:15:01.719787,297
2020-10-30 22:15:01.720711,296
2020-10-30 22:15:01.722805,293
2020-10-30 22:15:01.723979,291
2020-10-30 22:15:01.724742,289
2020-10-30 22:15:01.725605,288
2020-10-30 22:15:01.727275,288
2020-10-30 22:15:01.728705,288
2020-10-30 22:15:01.734159,288
2020-10-30 22:15:01.736135,286
2020-10-30 22:15:01.737956,288
2020-10-30 22:15:01.738701,288
2020-10-30 22:15:01.739223,288
2020-10-30 22:15:01.740062,288
2020-10-30 22:15:01.740820,288
2020-10-30 22:15:01.742156,286
2020-10-30 22:15:01.743085,284
2020-10-30 22:15:01.743891,284
2020-10-30 22:15:01.745279,283
2020-10-30 22:15:01.749242,282
2020-10-30 22:15:01.750191,281
2020-10-30 22:15:01.751025,280
2020-10-30 22:15:01.752388,278
2020-10-30 22:15:01.753149,277
2020-10-30 22:15:01.754046,276
2020-10-30 22:15:01.756522,277
2020-10-30 22:15:01.757823,277
2020-10-30 22:15:01.758906,276
2020-10-30 22:15:01.760995,274
2020-10-30 22:15:01.762136,274
2020-10-30 22:15:01.763305,272
2020-10-30 22:15:01.764249,270
2020-10-30 22:15:01.766876,268
2020-10-30 22:15:01.767890,268
2020-10-30 22:15:01.769994,268
2020-10-30 22:15:01.772886,268
2020-10-30 22:15:01.773565,267
2020-10-30 22:15:01.774290,266
2020-10-30 22:15:01.777189,265
2020-10-30 22:15:01.778048,264
2020-10-30 22:15:01.780256,261
2020-10-30 22:15:01.781335,261
2020-10-30 22:15:01.782761,259
2020-10-30 22:15:01.784353,258
2020-10-30 22:15:01.786303,258
2020-10-30 22:15:01.787266,256
2020-10-30 22:15:01.788036,255
2020-10-30 22:15:01.789345,255
2020-10-30 22:15:01.790183,254
2020-10-30 22:15:01.791488,253
2020-10-30 22:15:01.793603,252
2020-10-30 22:15:01.794616,253
2020-10-30 22:15:01.796472,253
2020-10-30 22:15:01.797308,252
2020-10-30 22:15:01.799488,248
2020-10-30 22:15:01.800644,248
2020-10-30 22:15:01.802432,247
2020-10-30 22:15:01.805203,246
2020-10-30 22:15:01.806142,245
2020-10-30 22:15:01.807209,244
2020-10-30 22:15:01.808173,243
2020-10-30 22:15:01.808958,242
2020-10-30 22:15:01.811485,240
2020-10-30 22:15:01.812419,241
2020-10-30 22:15:01.814033,238
2020-10-30 22:15:01.815296,237
2020-10-30 22:15:01.817202,236
2020-10-30 22:15:01.818430,235
2020-10-30 22:15:01.820301,234
2020-10-30 22:15:01.821088,235
2020-10-30 22:15:01.822826,234
2020-10-30 22:15:01.823735,234
2020-10-30 22:15:01.824887,234
2020-10-30 22:15:01.825902,234
2020-10-30 22:15:01.827339,235
2020-10-30 22:15:01.829061,236
2020-10-30 22:15:01.831252,236
2020-10-30 22:15:01.833109,236
2020-10-30 22:15:01.833876,235
2020-10-30 22:15:01.834687,235
2020-10-30 22:15:01.836364,234
2020-10-30 22:15:01.837697,234
2020-10-30 22:15:01.839382,233
2020-10-30 22:15:01.841825,232
2020-10-30 22:15:01.843162,230
2020-10-30 22:15:01.843821,231
2020-10-30 22:15:01.846611,232
2020-10-30 22:15:01.847306,232
2020-10-30 22:15:01.853040,234
2020-10-30 22:15:01.853953,234
2020-10-30 22:15:01.855308,234
2020-10-30 22:15:01.856103,232
2020-10-30 22:15:01.856888,232
2020-10-30 22:15:01.858560,230
2020-10-30 22:15:01.860157,231
2020-10-30 22:15:01.861816,230
2020-10-30 22:15:01.863040,231
2020-10-30 22:15:01.864011,229
2020-10-30 22:15:01.864541,228
2020-10-30 22:15:01.865507,228
2020-10-30 22:15:01.866251,226
2020-10-30 22:15:01.867296,226
2020-10-30 22:15:01.873871,225
2020-10-30 22:15:01.874447,226
2020-10-30 22:15:01.876406,228
2020-10-30 22:15:01.877528,226
2020-10-30 22:15:01.878865,226
2020-10-30 22:15:01.880349,225
2020-10-30 22:15:01.881671,225
2020-10-30 22:15:01.883201,225
2020-10-30 22:15:01.884280,224
2020-10-30 22:15:01.885872,224
2020-10-30 22:15:01.887158,224
2020-10-30 22:15:01.888556,224
2020-10-30 22:15:01.889534,224
2020-10-30 22:15:01.890913,225
2020-10-30 22:15:01.892041,224
2020-10-30 22:15:01.892983,224
2020-10-30 22:15:01.894307,224
2020-10-30 22:15:01.895756,223
2020-10-30 22:15:01.897698,223
2020-10-30 22:15:01.899266,223
2020-10-30 22:15:01.900516,221
2020-10-30 22:15:01.901575,221
2020-10-30 22:15:01.902585,220
2020-10-30 22:15:01.903491,221
2020-10-30 22:15:01.905634,222
2020-10-30 22:15:01.906798,223
2020-10-30 22:15:01.909555,223
2020-10-30 22:15:01.915281,224
2020-10-30 22:15:01.918197,225
2020-10-30 22:15:01.919440,225
2020-10-30 22:15:01.920895,226
2020-10-30 22:15:01.922138,225
2020-10-30 22:15:01.923113,225
2020-10-30 22:15:01.924577,225
2020-10-30 22:15:01.925578,226
2020-10-30 22:15:01.926938,226
2020-10-30 22:15:01.929322,226
2020-10-30 22:15:01.930857,224
2020-10-30 22:15:01.931969,224
2020-10-30 22:15:01.933245,223
2020-10-30 22:15:01.934061,224
2020-10-30 22:15:01.935048,223
2020-10-30 22:15:01.936433,223
2020-10-30 22:15:01.937426,223
2020-10-30 22:15:01.938316,223
2020-10-30 22:15:01.939366,223
2020-10-30 22:15:01.941239,223
2020-10-30 22:15:01.942683,224
2020-10-30 22:15:01.943690,223
2020-10-30 22:15:01.944732,223
2020-10-30 22:15:01.945943,222
2020-10-30 22:15:01.947369,224
2020-10-30 22:15:01.949078,225
2020-10-30 22:15:01.950590,225
2020-10-30 22:15:01.953600,226
2020-10-30 22:15:01.954174,226
2020-10-30 22:15:01.954809,226
2020-10-30 22:15:01.955917,225
2020-10-30 22:15:01.957014,224
2020-10-30 22:15:01.957731,224
2020-10-30 22:15:01.959617,225
2020-10-30 22:15:01.961332,224
2020-10-30 22:15:01.962380,223
2020-10-30 22:15:01.963215,223
2020-10-30 22:15:01.963776,223
2020-10-30 22:15:01.967127,221
2020-10-30 22:15:01.967804,221
2020-10-30 22:15:01.968587,220
2020-10-30 22:15:01.969482,220
2020-10-30 22:15:01.970468,220
2020-10-30 22:15:01.971486,220
2020-10-30 22:15:01.972981,219
2020-10-30 22:15:01.975083,219
2020-10-30 22:15:01.977686,218
2020-10-30 22:15:01.978289,218
2020-10-30 22:15:01.978952,218
2020-10-30 22:15:01.980955,219
2020-10-30 22:15:01.983837,218
2020-10-30 22:15:01.984857,220
2020-10-30 22:15:01.987130,219
2020-10-30 22:15:01.987791,219
2020-10-30 22:15:01.989645,218
2020-10-30 22:15:01.990333,218
2020-10-30 22:15:01.991485,218
2020-10-30 22:15:01.993828,218
2020-10-30 22:15:01.994480,218
2020-10-30 22:15:01.995654,218
2020-10-30 22:15:01.998375,219
2020-10-30 22:15:01.999259,219
2020-10-30 22:15:01.999880,218
2020-10-30 22:15:02.001300,219
2020-10-30 22:15:02.003447,218
2020-10-30 22:15:02.005938,218
2020-10-30 22:15:02.006536,217
2020-10-30 22:15:02.008967,217
2020-10-30 22:15:02.010512,216
2020-10-30 22:15:02.011469,216
2020-10-30 22:15:02.014348,216
2020-10-30 22:15:02.015310,216
2020-10-30 22:15:02.016207,216
2020-10-30 22:15:02.018038,214
2020-10-30 22:15:02.018825,216
2020-10-30 22:15:02.020097,216
2020-10-30 22:15:02.020650,214
2020-10-30 22:15:02.022286,214
2020-10-30 22:15:02.025177,214
2020-10-30 22:15:02.025754,214
2020-10-30 22:15:02.027952,214
2020-10-30 22:15:02.028865,214
2020-10-30 22:15:02.031149,213
2020-10-30 22:15:02.032684,213
2020-10-30 22:15:02.033431,212
2020-10-30 22:15:02.034666,211
2020-10-30 22:15:02.035815,211
2020-10-30 22:15:02.038518,211
2020-10-30 22:15:02.039593,213
2020-10-30 22:15:02.041271,214
2020-10-30 22:15:02.042619,213
2020-10-30 22:15:02.045061,213
2020-10-30 22:15:02.045825,214
2020-10-30 22:15:02.048045,213
2020-10-30 22:15:02.048866,212
2020-10-30 22:15:02.050311,211
2020-10-30 22:15:02.050948,211
2020-10-30 22:15:02.055669,211
2020-10-30 22:15:02.056254,210
2020-10-30 22:15:02.057541,210
2020-10-30 22:15:02.058219,210
2020-10-30 22:15:02.058931,211
2020-10-30 22:15:02.060366,213
2020-10-30 22:15:02.061737,213
2020-10-30 22:15:02.062525,214
2020-10-30 22:15:02.064751,216
2020-10-30 22:15:02.065444,217
2020-10-30 22:15:02.067850,218
2020-10-30 22:15:02.068505,219
2020-10-30 22:15:02.070796,218
2020-10-30 22:15:02.071705,220
2020-10-30 22:15:02.073749,220
2020-10-30 22:15:02.074685,220
2020-10-30 22:15:02.076227,221
2020-10-30 22:15:02.078334,224
2020-10-30 22:15:02.079053,225
2020-10-30 22:15:02.081267,226
2020-10-30 22:15:02.082611,226
2020-10-30 22:15:02.085008,229
2020-10-30 22:15:02.085671,230
2020-10-30 22:15:02.087673,234
2020-10-30 22:15:02.088308,235
2020-10-30 22:15:02.089804,236
2020-10-30 22:15:02.090579,237
2020-10-30 22:15:02.091783,238
2020-10-30 22:15:02.094123,242
2020-10-30 22:15:02.095196,243
2020-10-30 22:15:02.095909,243
2020-10-30 22:15:02.097571,245
2020-10-30 22:15:02.098988,247
2020-10-30 22:15:02.101606,252
2020-10-30 22:15:02.102572,253
2020-10-30 22:15:02.103830,253
2020-10-30 22:15:02.106109,254
2020-10-30 22:15:02.107263,255
2020-10-30 22:15:02.108280,257
2020-10-30 22:15:02.110125,261
2020-10-30 22:15:02.111017,262
2020-10-30 22:15:02.112181,265
2020-10-30 22:15:02.114537,267
2020-10-30 22:15:02.115604,268
2020-10-30 22:15:02.116714,270
2020-10-30 22:15:02.121209,270
2020-10-30 22:15:02.123063,271
2020-10-30 22:15:02.124056,272
2020-10-30 22:15:02.125983,273
2020-10-30 22:15:02.126836,274
2020-10-30 22:15:02.128380,274
2020-10-30 22:15:02.130344,274
2020-10-30 22:15:02.131794,274
2020-10-30 22:15:02.133129,274
2020-10-30 22:15:02.134703,276
2020-10-30 22:15:02.135577,277
2020-10-30 22:15:02.136777,277
2020-10-30 22:15:02.137385,278
2020-10-30 22:15:02.137988,280
2020-10-30 22:15:02.139608,281
2020-10-30 22:15:02.140229,281
2020-10-30 22:15:02.141823,282
2020-10-30 22:15:02.143723,283
2020-10-30 22:15:02.147059,288
2020-10-30 22:15:02.148577,289
2020-10-30 22:15:02.149600,290
2020-10-30 22:15:02.151212,292
2020-10-30 22:15:02.152562,293
2020-10-30 22:15:02.153729,296
2020-10-30 22:15:02.154467,298
2020-10-30 22:15:02.158883,301
2020-10-30 22:15:02.159660,302
2020-10-30 22:15:02.160841,303
2020-10-30 22:15:02.161634,304
2020-10-30 22:15:02.162428,307
2020-10-30 22:15:02.163715,307
2020-10-30 22:15:02.164455,308
2020-10-30 22:15:02.166526,309
2020-10-30 22:15:02.167631,310
2020-10-30 22:15:02.168288,313
2020-10-30 22:15:02.170646,315
2020-10-30 22:15:02.171408,316
2020-10-30 22:15:02.172422,318
2020-10-30 22:15:02.173664,320
2020-10-30 22:15:02.175505,321
2020-10-30 22:15:02.178354,322
2020-10-30 22:15:02.179623,325
2020-10-30 22:15:02.180738,326
2020-10-30 22:15:02.181444,326
2020-10-30 22:15:02.185005,327
2020-10-30 22:15:02.187103,329
2020-10-30 22:15:02.188410,330
2020-10-30 22:15:02.189922,331
2020-10-30 22:15:02.190722,332
2020-10-30 22:15:02.193957,334
2020-10-30 22:15:02.194669,334
2020-10-30 22:15:02.195360,337
2020-10-30 22:15:02.196085,339
2020-10-30 22:15:02.197065,340
2020-10-30 22:15:02.197893,340
2020-10-30 22:15:02.199237,341
2020-10-30 22:15:02.201485,343
2020-10-30 22:15:02.203051,343
2020-10-30 22:15:02.204441,344
2020-10-30 22:15:02.206338,344
2020-10-30 22:15:02.207032,344
2020-10-30 22:15:02.208100,344
2020-10-30 22:15:02.210658,345
2020-10-30 22:15:02.211385,346
2020-10-30 22:15:02.212446,349
2020-10-30 22:15:02.213289,351
2020-10-30 22:15:02.215519,353
2020-10-30 22:15:02.219827,353
2020-10-30 22:15:02.220404,353
2020-10-30 22:15:02.221095,352
2020-10-30 22:15:02.221737,353
2020-10-30 22:15:02.224295,353
2020-10-30 22:15:02.225080,354
2020-10-30 22:15:02.226862,355
2020-10-30 22:15:02.228392,355
2020-10-30 22:15:02.229234,357
2020-10-30 22:15:02.235834,358
2020-10-30 22:15:02.236597,357
2020-10-30 22:15:02.237290,357
2020-10-30 22:15:02.237871,358
2020-10-30 22:15:02.238592,357
2020-10-30 22:15:02.240239,356
2020-10-30 22:15:02.241367,356
2020-10-30 22:15:02.243000,355
2020-10-30 22:15:02.244094,356
2020-10-30 22:15:02.244825,357
2020-10-30 22:15:02.245445,357
2020-10-30 22:15:02.246479,358
2020-10-30 22:15:02.249156,358
2020-10-30 22:15:02.249969,358
2020-10-30 22:15:02.250966,357
2020-10-30 22:15:02.256706,356
2020-10-30 22:15:02.257710,356
2020-10-30 22:15:02.258334,355
2020-10-30 22:15:02.259405,355
2020-10-30 22:15:02.260382,354
2020-10-30 22:15:02.262322,353
2020-10-30 22:15:02.263216,351
2020-10-30 22:15:02.264064,350
2020-10-30 22:15:02.264742,349
2020-10-30 22:15:02.265784,349
2020-10-30 22:15:02.268180,349
2020-10-30 22:15:02.269662,349
2020-10-30 22:15:02.270508,349
2020-10-30 22:15:02.273040,350
2020-10-30 22:15:02.274168,350
2020-10-30 22:15:02.275275,350
2020-10-30 22:15:02.277043,350
2020-10-30 22:15:02.277665,352
2020-10-30 22:15:02.278249,353
2020-10-30 22:15:02.280235,354
2020-10-30 22:15:02.283268,354
2020-10-30 22:15:02.287268,355
2020-10-30 22:15:02.287951,355
2020-10-30 22:15:02.288597,356
2020-10-30 22:15:02.289684,356
2020-10-30 22:15:02.290749,356
2020-10-30 22:15:02.291605,356
2020-10-30 22:15:02.293138,356
2020-10-30 22:15:02.293757,355
2020-10-30 22:15:02.295060,354
2020-10-30 22:15:02.297140,354
2020-10-30 22:15:02.301443,355
2020-10-30 22:15:02.302164,355
2020-10-30 22:15:02.303378,356
2020-10-30 22:15:02.304267,357
2020-10-30 22:15:02.305046,357
2020-10-30 22:15:02.305725,357
2020-10-30 22:15:02.307190,357
2020-10-30 22:15:02.309676,357
2020-10-30 22:15:02.310559,357
2020-10-30 22:15:02.311987,360
2020-10-30 22:15:02.312904,360
2020-10-30 22:15:02.315396,360
2020-10-30 22:15:02.315986,361
2020-10-30 22:15:02.316606,362
2020-10-30 22:15:02.318582,363
2020-10-30 22:15:02.320314,362
2020-10-30 22:15:02.322810,361
2020-10-30 22:15:02.324213,361
2020-10-30 22:15:02.325132,361
2020-10-30 22:15:02.327519,362
2020-10-30 22:15:02.328211,362
2020-10-30 22:15:02.330140,362
2020-10-30 22:15:02.331385,363
2020-10-30 22:15:02.332106,363
2020-10-30 22:15:02.334543,362
2020-10-30 22:15:02.335233,362
2020-10-30 22:15:02.336216,363
2020-10-30 22:15:02.337366,364
2020-10-30 22:15:02.339163,364
2020-10-30 22:15:02.340613,363
2020-10-30 22:15:02.342335,364
2020-10-30 22:15:02.349733,364
2020-10-30 22:15:02.350506,364
2020-10-30 22:15:02.351287,364
2020-10-30 22:15:02.352657,365
2020-10-30 22:15:02.353645,365
2020-10-30 22:15:02.354383,366
2020-10-30 22:15:02.355093,366
2020-10-30 22:15:02.356026,366
2020-10-30 22:15:02.356650,366
2020-10-30 22:15:02.357377,366
2020-10-30 22:15:02.358236,366
2020-10-30 22:15:02.362745,367
2020-10-30 22:15:02.364509,368
2020-10-30 22:15:02.370304,368
2020-10-30 22:15:02.371088,370
2020-10-30 22:15:02.371761,373
2020-10-30 22:15:02.372841,373
